Duration,Credit_Amount,Installment_Rate,Residence_Since,Age,Existing_Credits,Num_Dependents,Risk,age_young,age_middle,age_senior,credit_low,credit_medium,credit_high,duration_short,duration_medium,duration_long,credit_duration_ratio,credit_age_ratio,age_credit_interaction,Status_Account_A11,Status_Account_A12,Status_Account_A13,Status_Account_A14,Credit_History_A30,Credit_History_A31,Credit_History_A32,Credit_History_A33,Credit_History_A34,Purpose_A40,Purpose_A41,Purpose_A410,Purpose_A42,Purpose_A43,Purpose_A44,Purpose_A45,Purpose_A46,Purpose_A48,Purpose_A49,Savings_A61,Savings_A62,Savings_A63,Savings_A64,Savings_A65,Employment_A71,Employment_A72,Employment_A73,Employment_A74,Employment_A75,Personal_Status_A91,Personal_Status_A92,Personal_Status_A93,Personal_Status_A94,Other_Debtors_A101,Other_Debtors_A102,Other_Debtors_A103,Property_A121,Property_A122,Property_A123,Property_A124,Other_Plans_A141,Other_Plans_A142,Other_Plans_A143,Housing_A151,Housing_A152,Housing_A153,Job_A171,Job_A172,Job_A173,Job_A174,Telephone_A191,Telephone_A192,Foreign_Worker_A201,Foreign_Worker_A202
6,1169,4,4,67,2,1,0,0,0,1,1,0,0,1,0,0,167.0,17.191176470588236,78.323,1,0,0,0,0,0,0,0,1,0,0,0,0,1,0,0,0,0,0,0,0,0,0,1,0,0,0,0,1,0,0,1,0,1,0,0,1,0,0,0,0,0,1,0,1,0,0,0,1,0,0,1,1,0
48,5951,2,2,22,1,1,1,1,0,0,0,0,1,0,0,1,121.44897959183673,258.7391304347826,130.922,0,1,0,0,0,0,1,0,0,0,0,0,0,1,0,0,0,0,0,1,0,0,0,0,0,0,1,0,0,0,1,0,0,1,0,0,1,0,0,0,0,0,1,0,1,0,0,0,1,0,1,0,1,0
12,2096,2,3,49,1,2,0,0,1,0,1,0,0,1,0,0,161.23076923076923,41.92,102.704,0,0,0,1,0,0,0,0,1,0,0,0,0,0,0,0,1,0,0,1,0,0,0,0,0,0,0,1,0,0,0,1,0,1,0,0,1,0,0,0,0,0,1,0,1,0,0,1,0,0,1,0,1,0
42,7882,2,4,45,1,2,0,0,1,0,0,0,1,0,0,1,183.30232558139534,171.34782608695653,354.69,1,0,0,0,0,0,1,0,0,0,0,0,1,0,0,0,0,0,0,1,0,0,0,0,0,0,0,1,0,0,0,1,0,0,0,1,0,1,0,0,0,0,1,0,0,1,0,0,1,0,1,0,1,0
24,4870,3,4,53,2,2,1,0,1,0,0,1,0,0,1,0,194.8,90.18518518518519,258.11,1,0,0,0,0,0,0,1,0,1,0,0,0,0,0,0,0,0,0,1,0,0,0,0,0,0,1,0,0,0,0,1,0,1,0,0,0,0,0,1,0,0,1,0,0,1,0,0,1,0,1,0,1,0
36,9055,2,4,35,1,2,0,0,1,0,0,0,1,0,0,1,244.72972972972974,251.52777777777777,316.925,0,0,0,1,0,0,1,0,0,0,0,0,0,0,0,0,1,0,0,0,0,0,0,1,0,0,1,0,0,0,0,1,0,1,0,0,0,0,0,1,0,0,1,0,0,1,0,1,0,0,0,1,1,0
24,2835,3,4,53,1,1,0,0,1,0,0,1,0,0,1,0,113.4,52.5,150.255,0,0,0,1,0,0,1,0,0,0,0,0,1,0,0,0,0,0,0,0,0,1,0,0,0,0,0,0,1,0,0,1,0,1,0,0,0,1,0,0,0,0,1,0,1,0,0,0,1,0,1,0,1,0
36,6948,2,2,35,1,1,0,0,1,0,0,0,1,0,0,1,187.78378378378378,193.0,243.18,0,1,0,0,0,0,1,0,0,0,1,0,0,0,0,0,0,0,0,1,0,0,0,0,0,0,1,0,0,0,0,1,0,1,0,0,0,0,1,0,0,0,1,1,0,0,0,0,0,1,0,1,1,0
12,3059,2,4,61,1,1,0,0,0,1,0,1,0,1,0,0,235.30769230769232,49.33870967741935,186.599,0,0,0,1,0,0,1,0,0,0,0,0,0,1,0,0,0,0,0,0,0,0,1,0,0,0,0,1,0,1,0,0,0,1,0,0,1,0,0,0,0,0,1,0,1,0,0,1,0,0,1,0,1,0
30,5234,4,2,28,2,1,1,0,1,0,0,0,1,0,0,1,168.83870967741936,180.48275862068965,146.552,0,1,0,0,0,0,0,0,1,1,0,0,0,0,0,0,0,0,0,1,0,0,0,0,1,0,0,0,0,0,0,0,1,1,0,0,0,0,1,0,0,0,1,0,1,0,0,0,0,1,1,0,1,0
12,1295,3,1,25,1,1,1,0,1,0,1,0,0,1,0,0,99.61538461538461,49.80769230769231,32.375,0,1,0,0,0,0,1,0,0,1,0,0,0,0,0,0,0,0,0,1,0,0,0,0,0,1,0,0,0,0,1,0,0,1,0,0,0,0,1,0,0,0,1,1,0,0,0,0,1,0,1,0,1,0
48,4308,3,4,24,1,1,1,1,0,0,0,1,0,0,0,1,87.91836734693878,172.32,103.392,1,0,0,0,0,0,1,0,0,0,0,0,0,0,0,0,0,0,1,1,0,0,0,0,0,1,0,0,0,0,1,0,0,1,0,0,0,1,0,0,0,0,1,1,0,0,0,0,1,0,1,0,1,0
12,1567,1,1,22,1,1,0,1,0,0,1,0,0,1,0,0,120.53846153846153,68.1304347826087,34.474,0,1,0,0,0,0,1,0,0,0,0,0,0,1,0,0,0,0,0,1,0,0,0,0,0,0,1,0,0,0,1,0,0,1,0,0,0,0,1,0,0,0,1,0,1,0,0,0,1,0,0,1,1,0
24,1199,4,4,60,2,1,1,0,0,1,1,0,0,0,1,0,47.96,19.65573770491803,71.94,1,0,0,0,0,0,0,0,1,1,0,0,0,0,0,0,0,0,0,1,0,0,0,0,0,0,0,0,1,0,0,1,0,1,0,0,0,0,1,0,0,0,1,0,1,0,0,1,0,0,1,0,1,0
15,1403,2,4,28,1,1,0,0,1,0,1,0,0,0,1,0,87.6875,48.37931034482759,39.284,1,0,0,0,0,0,1,0,0,1,0,0,0,0,0,0,0,0,0,1,0,0,0,0,0,0,1,0,0,0,1,0,0,1,0,0,0,0,1,0,0,0,1,1,0,0,0,0,1,0,1,0,1,0
24,1282,4,2,32,1,1,1,0,1,0,1,0,0,0,1,0,51.28,38.84848484848485,41.024,1,0,0,0,0,0,1,0,0,0,0,0,0,1,0,0,0,0,0,0,1,0,0,0,0,0,1,0,0,0,1,0,0,1,0,0,0,0,1,0,0,0,1,0,1,0,0,1,0,0,1,0,1,0
24,2424,4,4,53,2,1,0,0,1,0,1,0,0,0,1,0,96.96,44.888888888888886,128.472,0,0,0,1,0,0,0,0,1,0,0,0,0,1,0,0,0,0,0,0,0,0,0,1,0,0,0,0,1,0,0,1,0,1,0,0,0,1,0,0,0,0,1,0,1,0,0,0,1,0,1,0,1,0
30,8072,2,3,25,3,1,0,0,1,0,0,0,1,0,0,1,260.38709677419354,310.46153846153845,201.8,1,0,0,0,1,0,0,0,0,0,0,0,0,0,0,0,0,0,1,0,0,0,0,1,0,1,0,0,0,0,0,1,0,1,0,0,0,0,1,0,1,0,0,0,1,0,0,0,1,0,1,0,1,0
24,12579,4,2,44,1,1,1,0,1,0,0,0,1,0,1,0,503.16,279.53333333333336,553.476,0,1,0,0,0,0,1,0,0,0,1,0,0,0,0,0,0,0,0,1,0,0,0,0,0,0,0,0,1,0,1,0,0,1,0,0,0,0,0,1,0,0,1,0,0,1,0,0,0,1,0,1,1,0
24,3430,3,2,31,1,2,0,0,1,0,0,1,0,0,1,0,137.2,107.1875,106.33,0,0,0,1,0,0,1,0,0,0,0,0,0,1,0,0,0,0,0,0,0,1,0,0,0,0,0,0,1,0,0,1,0,1,0,0,0,0,1,0,0,0,1,0,1,0,0,0,1,0,0,1,1,0
9,2134,4,4,48,3,1,0,0,1,0,1,0,0,1,0,0,213.4,43.55102040816327,102.432,0,0,0,1,0,0,0,0,1,1,0,0,0,0,0,0,0,0,0,1,0,0,0,0,0,0,1,0,0,0,0,1,0,1,0,0,0,0,1,0,0,0,1,0,1,0,0,0,1,0,0,1,1,0
6,2647,2,3,44,1,2,0,0,1,0,0,1,0,1,0,0,378.14285714285717,58.82222222222222,116.468,1,0,0,0,0,0,1,0,0,0,0,0,0,1,0,0,0,0,0,0,0,1,0,0,0,0,1,0,0,0,0,1,0,1,0,0,1,0,0,0,0,0,1,1,0,0,0,0,1,0,1,0,1,0
10,2241,1,3,48,2,2,0,0,1,0,1,0,0,1,0,0,203.72727272727272,45.734693877551024,107.568,1,0,0,0,0,0,0,0,1,1,0,0,0,0,0,0,0,0,0,1,0,0,0,0,0,1,0,0,0,0,0,1,0,1,0,0,1,0,0,0,0,0,1,1,0,0,0,1,0,0,1,0,0,1
12,1804,3,4,44,1,1,0,0,1,0,1,0,0,1,0,0,138.76923076923077,40.08888888888889,79.376,0,1,0,0,0,0,0,0,1,0,1,0,0,0,0,0,0,0,0,0,1,0,0,0,0,1,0,0,0,0,0,1,0,1,0,0,0,1,0,0,0,0,1,0,1,0,0,0,1,0,1,0,1,0
10,2069,2,1,26,2,1,0,0,1,0,1,0,0,1,0,0,188.0909090909091,76.62962962962963,53.794,0,0,0,1,0,0,0,0,1,0,0,0,1,0,0,0,0,0,0,0,0,0,0,1,0,0,1,0,0,0,0,0,1,1,0,0,0,0,1,0,0,0,1,0,1,0,0,0,1,0,1,0,0,1
6,1374,1,2,36,1,1,0,0,1,0,1,0,0,1,0,0,196.28571428571428,37.13513513513514,49.464,1,0,0,0,0,0,1,0,0,0,0,0,1,0,0,0,0,0,0,1,0,0,0,0,0,0,1,0,0,0,0,1,0,1,0,0,1,0,0,0,1,0,0,0,1,0,0,1,0,0,0,1,1,0
6,426,4,4,39,1,1,0,0,1,0,1,0,0,1,0,0,60.857142857142854,10.65,16.614,0,0,0,1,1,0,0,0,0,0,0,0,0,1,0,0,0,0,0,1,0,0,0,0,0,0,0,0,1,0,0,0,1,1,0,0,0,0,1,0,0,0,1,0,1,0,0,1,0,0,1,0,1,0
12,409,3,3,42,2,1,0,0,1,0,1,0,0,1,0,0,31.46153846153846,9.511627906976743,17.178,0,0,1,0,0,1,0,0,0,0,0,0,0,1,0,0,0,0,0,0,0,0,1,0,0,0,1,0,0,0,1,0,0,1,0,0,1,0,0,0,0,0,1,1,0,0,0,0,1,0,1,0,1,0
7,2415,3,2,34,1,1,0,0,1,0,1,0,0,1,0,0,301.875,69.0,82.11,0,1,0,0,0,0,1,0,0,0,0,0,0,1,0,0,0,0,0,1,0,0,0,0,0,0,1,0,0,0,0,1,0,0,0,1,1,0,0,0,0,0,1,0,1,0,0,0,1,0,1,0,1,0
60,6836,3,4,63,2,1,1,0,0,1,0,0,1,0,0,1,112.06557377049181,106.8125,430.668,1,0,0,0,0,0,0,1,0,0,0,0,0,0,0,0,0,0,1,1,0,0,0,0,0,0,0,0,1,0,0,1,0,1,0,0,0,0,0,1,0,0,1,0,1,0,0,0,1,0,0,1,1,0
18,1913,3,3,36,1,1,0,0,1,0,1,0,0,0,1,0,100.6842105263158,51.7027027027027,68.868,0,1,0,0,0,0,1,0,0,0,0,0,0,0,0,0,0,0,1,0,0,0,1,0,0,1,0,0,0,0,0,0,1,1,0,0,1,0,0,0,1,0,0,0,1,0,0,0,1,0,0,1,1,0
24,4020,2,2,27,1,1,0,0,1,0,0,1,0,0,1,0,160.8,143.57142857142858,108.54,1,0,0,0,0,0,1,0,0,0,0,0,1,0,0,0,0,0,0,1,0,0,0,0,0,0,1,0,0,0,0,1,0,1,0,0,0,0,1,0,0,1,0,0,1,0,0,0,1,0,1,0,1,0
18,5866,2,2,30,2,1,0,0,1,0,0,0,1,0,1,0,308.7368421052632,189.2258064516129,175.98,0,1,0,0,0,0,1,0,0,1,0,0,0,0,0,0,0,0,0,0,1,0,0,0,0,0,1,0,0,0,0,1,0,1,0,0,0,0,1,0,0,0,1,0,1,0,0,0,1,0,0,1,1,0
12,1264,4,4,57,1,1,0,0,1,0,1,0,0,1,0,0,97.23076923076923,21.79310344827586,72.048,0,0,0,1,0,0,0,0,1,0,0,0,0,0,0,0,0,0,1,0,0,0,0,1,0,0,0,0,1,0,0,1,0,1,0,0,0,0,0,1,0,0,1,1,0,0,0,1,0,0,1,0,1,0
12,1474,4,1,33,1,1,0,0,1,0,1,0,0,1,0,0,113.38461538461539,43.35294117647059,48.642,0,0,1,0,0,0,1,0,0,0,0,0,1,0,0,0,0,0,0,1,0,0,0,0,0,1,0,0,0,0,1,0,0,1,0,0,0,1,0,0,1,0,0,0,1,0,0,0,0,1,0,1,1,0
45,4746,4,2,25,2,1,1,0,1,0,0,1,0,0,0,1,103.17391304347827,182.53846153846155,118.65,0,1,0,0,0,0,0,0,1,0,0,0,0,1,0,0,0,0,0,1,0,0,0,0,0,1,0,0,0,0,0,1,0,1,0,0,0,1,0,0,0,0,1,0,1,0,0,1,0,0,1,0,1,0
48,6110,1,3,31,1,1,0,0,1,0,0,0,1,0,0,1,124.6938775510204,190.9375,189.41,0,0,0,1,0,0,0,0,1,0,0,0,0,0,0,0,1,0,0,1,0,0,0,0,0,0,1,0,0,0,0,1,0,1,0,0,0,0,0,1,1,0,0,0,0,1,0,0,1,0,0,1,1,0
18,2100,4,2,37,1,1,1,0,1,0,1,0,0,0,1,0,110.52631578947368,55.26315789473684,77.7,0,0,1,0,0,0,1,0,0,0,0,0,0,1,0,0,0,0,0,1,0,0,0,0,0,0,1,0,0,0,0,1,0,0,1,0,1,0,0,0,0,1,0,0,1,0,0,0,1,0,1,0,1,0
10,1225,2,2,37,1,1,0,0,1,0,1,0,0,1,0,0,111.36363636363636,32.23684210526316,45.325,0,0,1,0,0,0,1,0,0,0,0,0,0,0,1,0,0,0,0,1,0,0,0,0,0,0,1,0,0,0,0,1,0,1,0,0,0,0,1,0,0,0,1,0,1,0,0,0,1,0,0,1,1,0
9,458,4,3,24,1,1,0,1,0,0,1,0,0,1,0,0,45.8,18.32,10.992,0,1,0,0,0,0,1,0,0,0,0,0,0,1,0,0,0,0,0,1,0,0,0,0,0,0,1,0,0,0,0,1,0,1,0,0,1,0,0,0,0,0,1,0,1,0,0,0,1,0,1,0,1,0
30,2333,4,2,30,1,1,0,0,1,0,1,0,0,0,0,1,75.25806451612904,75.25806451612904,69.99,0,0,0,1,0,0,1,0,0,0,0,0,0,1,0,0,0,0,0,0,0,1,0,0,0,0,0,0,1,0,0,1,0,1,0,0,0,0,1,0,1,0,0,0,1,0,0,0,0,1,1,0,1,0
12,1158,3,1,26,1,1,0,0,1,0,1,0,0,1,0,0,89.07692307692308,42.888888888888886,30.108,0,1,0,0,0,0,1,0,0,0,0,0,0,1,0,0,0,0,0,0,0,1,0,0,0,0,1,0,0,1,0,0,0,1,0,0,0,0,1,0,0,0,1,0,1,0,0,0,1,0,0,1,1,0
18,6204,2,4,44,1,2,0,0,1,0,0,0,1,0,1,0,326.5263157894737,137.86666666666667,272.976,0,1,0,0,0,0,0,1,0,0,0,0,0,0,0,1,0,0,0,1,0,0,0,0,0,0,1,0,0,0,0,1,0,1,0,0,1,0,0,0,0,0,1,0,1,0,0,1,0,0,0,1,1,0
30,6187,1,4,24,2,1,0,1,0,0,0,0,1,0,0,1,199.58064516129033,247.48,148.488,1,0,0,0,0,0,0,0,1,0,1,0,0,0,0,0,0,0,0,0,1,0,0,0,0,0,0,1,0,0,0,0,1,1,0,0,0,0,1,0,0,0,1,1,0,0,0,0,1,0,1,0,1,0
48,6143,4,4,58,2,1,1,0,1,0,0,0,1,0,0,1,125.36734693877551,104.11864406779661,356.294,1,0,0,0,0,0,0,0,1,0,1,0,0,0,0,0,0,0,0,1,0,0,0,0,0,0,0,0,1,0,1,0,0,1,0,0,0,0,0,1,0,1,0,0,0,1,0,1,0,0,1,0,1,0
11,1393,4,4,35,2,1,0,0,1,0,1,0,0,1,0,0,116.08333333333333,38.69444444444444,48.755,0,0,0,1,0,0,0,0,1,1,0,0,0,0,0,0,0,0,0,1,0,0,0,0,0,1,0,0,0,0,1,0,0,1,0,0,0,0,1,0,0,0,1,0,1,0,0,0,0,1,1,0,1,0
36,2299,4,4,39,1,1,0,0,1,0,1,0,0,0,0,1,62.13513513513514,57.475,89.661,0,0,0,1,0,0,1,0,0,0,0,0,0,1,0,0,0,0,0,0,0,1,0,0,0,0,0,0,1,0,0,1,0,1,0,0,0,0,1,0,0,0,1,0,1,0,0,0,1,0,1,0,1,0
6,1352,1,2,23,1,1,0,1,0,0,1,0,0,1,0,0,193.14285714285714,56.333333333333336,31.096,1,0,0,0,0,0,1,0,0,0,1,0,0,0,0,0,0,0,0,0,0,1,0,0,1,0,0,0,0,0,1,0,0,1,0,0,0,1,0,0,0,0,1,1,0,0,1,0,0,0,0,1,1,0
11,7228,1,4,39,2,1,0,0,1,0,0,0,1,1,0,0,602.3333333333334,180.7,281.892,0,0,0,1,0,0,0,0,1,1,0,0,0,0,0,0,0,0,0,1,0,0,0,0,0,0,1,0,0,0,0,1,0,1,0,0,0,1,0,0,0,0,1,0,1,0,0,1,0,0,1,0,1,0
12,2073,4,2,28,1,1,0,0,1,0,1,0,0,1,0,0,159.46153846153845,71.48275862068965,58.044,0,0,0,1,0,0,1,0,0,0,0,0,0,1,0,0,0,0,0,0,1,0,0,0,0,0,1,0,0,0,1,0,0,0,1,0,1,0,0,0,0,0,1,0,1,0,0,0,1,0,1,0,1,0
24,2333,4,2,29,1,1,0,0,1,0,1,0,0,0,1,0,93.32,77.76666666666667,67.657,0,1,0,0,0,0,0,1,0,0,0,0,1,0,0,0,0,0,0,0,0,0,0,1,0,1,0,0,0,0,0,1,0,1,0,0,0,1,0,0,1,0,0,0,1,0,0,1,0,0,1,0,1,0
27,5965,1,2,30,2,1,0,0,1,0,0,0,1,0,0,1,213.03571428571428,192.41935483870967,178.95,0,1,0,0,0,0,0,1,0,0,1,0,0,0,0,0,0,0,0,1,0,0,0,0,0,0,0,0,1,0,0,1,0,1,0,0,0,0,1,0,0,0,1,0,1,0,0,0,0,1,0,1,1,0
12,1262,3,2,25,1,1,0,0,1,0,1,0,0,1,0,0,97.07692307692308,48.53846153846154,31.55,0,0,0,1,0,0,1,0,0,0,0,0,0,1,0,0,0,0,0,1,0,0,0,0,0,0,1,0,0,0,0,1,0,1,0,0,0,0,1,0,0,0,1,0,1,0,0,0,1,0,1,0,1,0
18,3378,2,1,31,1,1,0,0,1,0,0,1,0,0,1,0,177.78947368421052,105.5625,104.718,0,0,0,1,0,0,1,0,0,0,1,0,0,0,0,0,0,0,0,0,0,0,0,1,0,0,1,0,0,0,0,1,0,1,0,0,0,1,0,0,0,0,1,0,1,0,0,0,1,0,0,1,1,0
36,2225,4,4,57,2,1,1,0,1,0,1,0,0,0,0,1,60.13513513513514,38.36206896551724,126.825,0,1,0,0,0,0,0,1,0,1,0,0,0,0,0,0,0,0,0,1,0,0,0,0,0,0,0,0,1,0,0,1,0,1,0,0,0,0,0,1,1,0,0,0,0,1,0,0,1,0,0,1,1,0
6,783,1,2,26,1,2,0,0,1,0,1,0,0,1,0,0,111.85714285714286,29.0,20.358,0,0,0,1,0,1,0,0,0,1,0,0,0,0,0,0,0,0,0,0,0,0,0,1,0,0,1,0,0,0,0,1,0,0,0,1,1,0,0,0,0,1,0,0,1,0,0,1,0,0,1,0,1,0
12,6468,2,1,52,1,1,1,0,1,0,0,0,1,1,0,0,497.53846153846155,122.0377358490566,336.336,0,1,0,0,0,0,1,0,0,0,0,0,0,1,0,0,0,0,0,0,0,0,0,1,1,0,0,0,0,0,0,1,0,1,0,0,0,0,0,1,0,0,1,0,1,0,0,0,0,1,0,1,1,0
36,9566,2,2,31,2,1,0,0,1,0,0,0,1,0,0,1,258.5405405405405,298.9375,296.546,0,0,0,1,0,0,0,0,1,0,0,0,0,1,0,0,0,0,0,1,0,0,0,0,0,0,1,0,0,0,1,0,0,1,0,0,0,0,1,0,0,1,0,0,1,0,0,0,1,0,1,0,1,0
18,1961,3,2,23,1,1,0,1,0,0,1,0,0,0,1,0,103.21052631578948,81.70833333333333,45.103,0,0,1,0,0,0,1,0,0,1,0,0,0,0,0,0,0,0,0,1,0,0,0,0,0,0,0,0,1,0,1,0,0,1,0,0,0,0,1,0,0,0,1,0,1,0,0,0,0,1,1,0,1,0
36,6229,4,4,23,2,1,1,1,0,0,0,0,1,0,0,1,168.35135135135135,259.5416666666667,143.267,1,0,0,0,0,0,0,0,1,0,0,0,1,0,0,0,0,0,0,1,0,0,0,0,0,1,0,0,0,0,1,0,0,0,1,0,0,0,0,1,0,0,1,1,0,0,0,1,0,0,0,1,1,0
9,1391,2,1,27,1,1,0,0,1,0,1,0,0,1,0,0,139.1,49.67857142857143,37.557,0,1,0,0,0,0,1,0,0,0,0,0,0,0,0,0,0,0,1,1,0,0,0,0,0,0,1,0,0,0,0,0,1,1,0,0,1,0,0,0,1,0,0,0,1,0,0,0,1,0,0,1,1,0
15,1537,4,4,50,2,1,0,0,1,0,1,0,0,0,1,0,96.0625,30.137254901960784,76.85,0,1,0,0,0,0,0,0,1,0,0,0,0,1,0,0,0,0,0,0,0,0,0,1,0,0,0,0,1,0,0,1,0,0,0,1,1,0,0,0,0,0,1,0,1,0,0,0,1,0,0,1,1,0
36,1953,4,4,61,1,1,1,0,0,1,1,0,0,0,0,1,52.78378378378378,31.5,119.133,0,1,0,0,1,0,0,0,0,0,0,0,0,0,0,0,0,0,1,1,0,0,0,0,0,0,0,0,1,0,0,1,0,1,0,0,0,0,0,1,0,0,1,0,0,1,0,0,0,1,0,1,1,0
48,14421,2,2,25,1,1,1,0,1,0,0,0,1,0,0,1,294.3061224489796,554.6538461538462,360.525,0,1,0,0,1,0,0,0,0,0,0,0,0,0,0,0,0,0,1,1,0,0,0,0,0,0,1,0,0,0,0,1,0,1,0,0,0,0,1,0,0,0,1,0,1,0,0,0,1,0,0,1,1,0
24,3181,4,4,26,1,1,0,0,1,0,0,1,0,0,1,0,127.24,117.81481481481481,82.706,0,0,0,1,0,0,1,0,0,0,0,0,0,1,0,0,0,0,0,1,0,0,0,0,0,1,0,0,0,0,1,0,0,1,0,0,0,1,0,0,0,0,1,0,1,0,0,0,1,0,0,1,1,0
27,5190,4,4,48,4,2,0,0,1,0,0,0,1,0,0,1,185.35714285714286,105.91836734693878,249.12,0,0,0,1,0,0,1,0,0,0,0,0,0,0,0,1,0,0,0,0,0,0,0,1,0,0,0,0,1,0,0,1,0,1,0,0,0,1,0,0,0,0,1,0,1,0,0,0,1,0,0,1,1,0
12,2171,2,2,29,1,1,0,0,1,0,1,0,0,1,0,0,167.0,72.36666666666666,62.959,0,0,0,1,0,0,1,0,0,0,0,0,0,1,0,0,0,0,0,1,0,0,0,0,0,1,0,0,0,0,1,0,0,1,0,0,0,0,1,0,1,0,0,0,1,0,0,0,1,0,1,0,1,0
12,1007,4,1,22,1,1,0,1,0,0,1,0,0,1,0,0,77.46153846153847,43.78260869565217,22.154,0,1,0,0,0,0,1,0,0,1,0,0,0,0,0,0,0,0,0,0,0,0,1,0,0,0,1,0,0,0,0,0,1,1,0,0,1,0,0,0,0,0,1,0,1,0,0,0,1,0,1,0,1,0
36,1819,4,4,37,1,1,1,0,1,0,1,0,0,0,0,1,49.16216216216216,47.86842105263158,67.303,0,0,0,1,0,0,1,0,0,0,0,0,0,0,0,0,1,0,0,1,0,0,0,0,0,0,1,0,0,0,0,1,0,1,0,0,0,0,0,1,0,1,0,0,0,1,0,0,1,0,0,1,1,0
36,2394,4,4,25,1,1,0,0,1,0,1,0,0,0,0,1,64.70270270270271,92.07692307692308,59.85,0,0,0,1,0,0,1,0,0,0,0,0,0,1,0,0,0,0,0,0,0,0,0,1,0,0,1,0,0,0,1,0,0,1,0,0,0,0,1,0,0,0,1,0,1,0,0,0,1,0,1,0,1,0
36,8133,1,2,30,1,1,0,0,1,0,0,0,1,0,0,1,219.8108108108108,262.35483870967744,243.99,0,0,0,1,0,0,1,0,0,0,1,0,0,0,0,0,0,0,0,1,0,0,0,0,0,0,1,0,0,0,1,0,0,1,0,0,0,1,0,0,1,0,0,0,1,0,0,0,1,0,1,0,1,0
7,730,4,2,46,2,1,0,0,1,0,1,0,0,1,0,0,91.25,15.53191489361702,33.58,0,0,0,1,0,0,0,0,1,0,0,0,0,1,0,0,0,0,0,0,0,0,0,1,0,0,0,0,1,0,0,1,0,1,0,0,0,1,0,0,0,0,1,1,0,0,0,1,0,0,0,1,1,0
8,1164,3,4,51,2,2,0,0,1,0,1,0,0,1,0,0,129.33333333333334,22.384615384615383,59.364,1,0,0,0,0,0,0,0,1,0,0,1,0,0,0,0,0,0,0,1,0,0,0,0,0,0,0,0,1,0,0,1,0,1,0,0,0,0,0,1,1,0,0,0,0,1,0,0,0,1,0,1,1,0
42,5954,2,1,41,2,1,0,0,1,0,0,0,1,0,0,1,138.46511627906978,141.76190476190476,244.114,0,1,0,0,0,0,0,0,1,0,0,0,0,0,0,0,0,0,1,1,0,0,0,0,0,0,0,1,0,0,1,0,0,1,0,0,1,0,0,0,1,0,0,0,1,0,0,1,0,0,1,0,1,0
36,1977,4,4,40,1,1,1,0,1,0,1,0,0,0,0,1,53.432432432432435,48.21951219512195,79.08,1,0,0,0,0,0,1,0,0,0,0,0,0,0,0,0,1,0,0,0,0,0,0,1,0,0,0,0,1,0,0,1,0,1,0,0,0,0,0,1,0,0,1,0,1,0,0,0,0,1,0,1,1,0
12,1526,4,4,66,2,1,0,0,0,1,1,0,0,1,0,0,117.38461538461539,22.776119402985074,100.716,1,0,0,0,0,0,0,0,1,0,1,0,0,0,0,0,0,0,0,1,0,0,0,0,0,0,0,0,1,0,0,1,0,1,0,0,0,0,0,1,0,0,1,0,0,1,0,0,0,1,1,0,1,0
42,3965,4,3,34,1,1,1,0,1,0,0,1,0,0,0,1,92.20930232558139,113.28571428571429,134.81,1,0,0,0,0,0,1,0,0,0,0,0,0,1,0,0,0,0,0,1,0,0,0,0,0,1,0,0,0,0,0,1,0,1,0,0,0,0,1,0,0,0,1,0,1,0,0,0,1,0,1,0,1,0
11,4771,2,4,51,1,1,0,0,1,0,0,1,0,1,0,0,397.5833333333333,91.75,243.321,0,1,0,0,0,0,0,1,0,0,0,0,0,1,0,0,0,0,0,1,0,0,0,0,0,0,0,1,0,0,0,1,0,1,0,0,0,1,0,0,0,0,1,0,1,0,0,0,1,0,1,0,1,0
54,9436,2,2,39,1,2,0,0,1,0,0,0,1,0,0,1,171.56363636363636,235.9,368.004,0,0,0,1,1,0,0,0,0,0,1,0,0,0,0,0,0,0,0,0,0,0,0,1,0,0,1,0,0,0,0,1,0,1,0,0,0,1,0,0,0,0,1,0,1,0,0,1,0,0,1,0,1,0
30,3832,2,1,22,1,1,0,1,0,0,0,1,0,0,0,1,123.61290322580645,166.6086956521739,84.304,0,1,0,0,0,0,1,0,0,0,0,0,1,0,0,0,0,0,0,1,0,0,0,0,0,1,0,0,0,0,0,0,1,1,0,0,0,1,0,0,0,0,1,0,1,0,0,0,1,0,1,0,1,0
24,5943,1,1,44,2,1,1,0,1,0,0,0,1,0,1,0,237.72,132.06666666666666,261.492,0,0,0,1,0,0,1,0,0,0,0,0,0,1,0,0,0,0,0,0,0,0,0,1,0,1,0,0,0,0,1,0,0,1,0,0,0,0,1,0,0,0,1,0,1,0,0,0,1,0,0,1,1,0
15,1213,4,3,47,1,1,0,0,1,0,1,0,0,0,1,0,75.8125,25.270833333333332,57.011,0,0,0,1,0,0,1,0,0,0,0,0,0,1,0,0,0,0,0,0,0,1,0,0,0,0,0,0,1,0,0,1,0,1,0,0,0,1,0,0,0,1,0,0,1,0,0,0,1,0,0,1,1,0
18,1568,3,4,24,1,1,0,1,0,0,1,0,0,0,1,0,82.52631578947368,62.72,37.632,0,0,0,1,0,0,1,0,0,0,0,0,0,0,0,0,0,0,1,0,1,0,0,0,0,0,1,0,0,0,1,0,0,1,0,0,0,1,0,0,0,0,1,1,0,0,0,1,0,0,1,0,1,0
24,1755,4,4,58,1,1,0,0,1,0,1,0,0,0,1,0,70.2,29.74576271186441,101.79,1,0,0,0,0,0,1,0,0,0,0,1,0,0,0,0,0,0,0,1,0,0,0,0,0,0,0,0,1,0,1,0,0,0,0,1,1,0,0,0,0,0,1,0,1,0,0,1,0,0,0,1,1,0
10,2315,3,4,52,1,1,0,0,1,0,1,0,0,1,0,0,210.45454545454547,43.679245283018865,120.38,1,0,0,0,0,0,1,0,0,0,0,0,0,1,0,0,0,0,0,1,0,0,0,0,0,0,0,0,1,0,0,1,0,1,0,0,1,0,0,0,0,0,1,0,1,0,0,1,0,0,1,0,1,0
12,1412,4,2,29,2,1,0,0,1,0,1,0,0,1,0,0,108.61538461538461,47.06666666666667,40.948,0,0,0,1,0,0,0,0,1,0,0,0,0,0,0,0,0,0,1,1,0,0,0,0,0,0,1,0,0,0,1,0,0,0,0,1,1,0,0,0,0,0,1,0,1,0,0,0,0,1,0,1,1,0
18,1295,4,1,27,2,1,0,0,1,0,1,0,0,0,1,0,68.15789473684211,46.25,34.965,0,1,0,0,0,0,0,0,1,0,0,0,1,0,0,0,0,0,0,1,0,0,0,0,0,1,0,0,0,0,1,0,0,1,0,0,0,1,0,0,0,0,1,0,1,0,0,0,1,0,1,0,1,0
36,12612,1,4,47,1,2,1,0,1,0,0,0,1,0,0,1,340.86486486486484,262.75,592.764,0,1,0,0,0,0,1,0,0,0,0,0,0,0,0,0,1,0,0,0,1,0,0,0,0,0,1,0,0,0,0,1,0,1,0,0,0,0,0,1,0,0,1,0,0,1,0,0,1,0,0,1,1,0
18,2249,4,3,30,1,2,0,0,1,0,1,0,0,0,1,0,118.36842105263158,72.54838709677419,67.47,1,0,0,0,0,0,1,0,0,1,0,0,0,0,0,0,0,0,0,0,1,0,0,0,0,0,0,1,0,0,0,1,0,1,0,0,0,0,1,0,0,0,1,0,1,0,0,0,0,1,0,1,1,0
12,1108,4,3,28,2,1,1,0,1,0,1,0,0,1,0,0,85.23076923076923,38.206896551724135,31.024,1,0,0,0,1,0,0,0,0,0,0,0,0,0,0,1,0,0,0,1,0,0,0,0,0,0,0,1,0,0,0,1,0,1,0,0,1,0,0,0,0,0,1,0,1,0,0,0,1,0,1,0,1,0
12,618,4,4,56,1,1,0,0,1,0,1,0,0,1,0,0,47.53846153846154,10.842105263157896,34.608,0,0,0,1,0,0,0,0,1,0,0,0,0,1,0,0,0,0,0,1,0,0,0,0,0,0,0,0,1,0,0,1,0,1,0,0,1,0,0,0,0,0,1,0,1,0,0,0,1,0,1,0,1,0
12,1409,4,3,54,1,1,0,0,1,0,1,0,0,1,0,0,108.38461538461539,25.618181818181817,76.086,1,0,0,0,0,0,0,0,1,0,1,0,0,0,0,0,0,0,0,1,0,0,0,0,0,0,0,0,1,0,0,1,0,1,0,0,1,0,0,0,0,0,1,0,1,0,0,0,1,0,1,0,1,0
12,797,4,3,33,1,2,1,0,1,0,1,0,0,1,0,0,61.30769230769231,23.441176470588236,26.301,0,0,0,1,0,0,0,0,1,0,0,0,0,1,0,0,0,0,0,0,0,0,0,1,0,0,0,0,1,0,1,0,0,1,0,0,0,1,0,0,1,0,0,0,1,0,0,1,0,0,1,0,1,0
24,3617,4,4,20,2,1,0,1,0,0,0,1,0,0,1,0,144.68,172.23809523809524,72.34,0,0,1,0,0,0,0,0,1,0,0,0,1,0,0,0,0,0,0,0,0,0,0,1,0,0,0,0,1,0,0,1,0,0,1,0,0,0,0,1,0,0,1,1,0,0,0,0,1,0,1,0,1,0
12,1318,4,4,54,1,1,0,0,1,0,1,0,0,1,0,0,101.38461538461539,23.963636363636365,71.172,0,1,0,0,0,0,1,0,0,1,0,0,0,0,0,0,0,0,0,0,0,0,1,0,0,0,0,0,1,0,0,1,0,1,0,0,1,0,0,0,0,0,1,0,1,0,0,0,1,0,0,1,1,0
54,15945,3,4,58,1,1,1,0,1,0,0,0,1,0,0,1,289.90909090909093,270.2542372881356,924.81,0,1,0,0,1,0,0,0,0,0,0,0,0,0,0,0,0,0,1,1,0,0,0,0,0,1,0,0,0,0,0,1,0,1,0,0,0,0,0,1,0,0,1,1,0,0,0,0,1,0,0,1,1,0
12,2012,4,2,61,1,1,0,0,0,1,1,0,0,1,0,0,154.76923076923077,32.45161290322581,122.732,0,0,0,1,0,0,0,0,1,0,0,0,0,0,0,0,1,0,0,0,0,0,0,1,0,0,0,1,0,0,1,0,0,1,0,0,0,0,1,0,0,0,1,0,1,0,0,0,1,0,1,0,1,0
18,2622,4,4,34,1,1,0,0,1,0,0,1,0,0,1,0,138.0,74.91428571428571,89.148,0,1,0,0,0,0,1,0,0,0,0,0,0,0,0,0,0,0,1,0,1,0,0,0,0,0,1,0,0,0,0,1,0,1,0,0,0,0,1,0,0,0,1,0,1,0,0,0,1,0,1,0,1,0
36,2337,4,4,36,1,1,0,0,1,0,1,0,0,0,0,1,63.16216216216216,63.16216216216216,84.132,0,1,0,0,0,0,0,0,1,0,0,0,0,1,0,0,0,0,0,1,0,0,0,0,0,0,0,0,1,0,0,1,0,1,0,0,1,0,0,0,0,0,1,0,1,0,0,0,1,0,1,0,1,0
20,7057,3,4,36,2,2,0,0,1,0,0,0,1,0,1,0,336.04761904761904,190.72972972972974,254.052,0,1,0,0,0,0,0,1,0,0,1,0,0,0,0,0,0,0,0,0,0,0,0,1,0,0,0,1,0,0,0,1,0,1,0,0,0,1,0,0,1,0,0,1,0,0,0,0,0,1,0,1,1,0
24,1469,4,4,41,1,1,0,0,1,0,1,0,0,0,1,0,58.76,34.976190476190474,60.229,0,0,0,1,0,0,1,0,0,1,0,0,0,0,0,0,0,0,0,0,1,0,0,0,0,0,0,0,1,0,0,0,1,1,0,0,1,0,0,0,0,0,1,1,0,0,0,1,0,0,1,0,1,0
36,2323,4,4,24,1,1,0,1,0,0,1,0,0,0,0,1,62.78378378378378,92.92,55.752,0,1,0,0,0,0,1,0,0,0,0,0,0,1,0,0,0,0,0,1,0,0,0,0,0,0,0,1,0,0,0,1,0,1,0,0,0,0,1,0,0,0,1,1,0,0,0,0,1,0,1,0,1,0
6,932,3,2,24,1,1,0,1,0,0,1,0,0,1,0,0,133.14285714285714,37.28,22.368,0,0,0,1,0,0,0,1,0,0,0,0,0,1,0,0,0,0,0,1,0,0,0,0,0,0,1,0,0,0,1,0,0,1,0,0,1,0,0,0,0,0,1,0,1,0,0,0,1,0,1,0,1,0
9,1919,4,3,35,1,1,0,0,1,0,1,0,0,1,0,0,191.9,53.30555555555556,67.165,0,1,0,0,0,0,0,0,1,0,0,0,1,0,0,0,0,0,0,1,0,0,0,0,0,0,0,1,0,0,0,1,0,1,0,0,0,0,1,0,0,0,1,1,0,0,0,0,1,0,0,1,1,0
12,2445,2,4,26,1,1,0,0,1,0,1,0,0,1,0,0,188.07692307692307,90.55555555555556,63.57,0,0,0,1,0,0,1,0,0,0,1,0,0,0,0,0,0,0,0,0,0,0,0,1,0,1,0,0,0,0,0,0,1,1,0,0,0,0,1,0,0,0,1,1,0,0,0,0,1,0,0,1,1,0
24,11938,2,3,39,2,2,1,0,1,0,0,0,1,0,1,0,477.52,298.45,465.582,0,1,0,0,0,0,0,0,1,0,0,1,0,0,0,0,0,0,0,1,0,0,0,0,0,0,1,0,0,0,0,1,0,0,1,0,0,0,1,0,0,0,1,0,1,0,0,0,0,1,0,1,1,0
18,6458,2,4,39,2,2,1,0,1,0,0,0,1,0,1,0,339.89473684210526,161.45,251.862,0,0,0,1,0,1,0,0,0,1,0,0,0,0,0,0,0,0,0,1,0,0,0,0,0,0,0,0,1,0,0,1,0,1,0,0,0,0,0,1,1,0,0,0,1,0,0,0,0,1,0,1,1,0
12,6078,2,2,32,1,1,0,0,1,0,0,0,1,1,0,0,467.53846153846155,184.1818181818182,194.496,0,1,0,0,0,0,1,0,0,1,0,0,0,0,0,0,0,0,0,1,0,0,0,0,0,0,0,1,0,0,0,1,0,1,0,0,0,0,1,0,0,0,1,0,1,0,0,0,1,0,1,0,1,0
24,7721,1,2,30,1,1,0,0,1,0,0,0,1,0,1,0,308.84,249.06451612903226,231.63,1,0,0,0,0,0,1,0,0,0,0,0,1,0,0,0,0,0,0,0,0,0,0,1,0,1,0,0,0,0,1,0,0,1,0,0,0,1,0,0,0,0,1,0,1,0,0,0,1,0,0,1,0,1
14,1410,1,2,35,1,1,0,0,1,0,1,0,0,0,1,0,94.0,39.166666666666664,49.35,0,1,0,0,0,0,1,0,0,0,0,0,0,0,0,0,0,0,1,0,0,1,0,0,0,0,0,0,1,0,0,0,1,1,0,0,1,0,0,0,0,0,1,0,1,0,0,0,1,0,0,1,1,0
6,1449,1,2,31,2,2,0,0,1,0,1,0,0,1,0,0,207.0,45.28125,44.919,0,1,0,0,0,0,0,1,0,0,0,0,0,0,0,0,0,0,1,0,1,0,0,0,0,0,0,0,1,1,0,0,0,1,0,0,0,0,1,0,1,0,0,0,1,0,0,0,1,0,1,0,1,0
15,392,4,4,23,1,1,0,1,0,0,1,0,0,0,1,0,24.5,16.333333333333332,9.016,0,0,1,0,0,0,1,0,0,0,0,0,0,0,0,0,1,0,0,1,0,0,0,0,0,1,0,0,0,0,1,0,0,1,0,0,0,1,0,0,0,0,1,1,0,0,0,0,1,0,0,1,1,0
18,6260,3,3,28,1,1,0,0,1,0,0,0,1,0,1,0,329.4736842105263,215.86206896551724,175.28,0,1,0,0,0,0,1,0,0,1,0,0,0,0,0,0,0,0,0,1,0,0,0,0,0,0,0,1,0,0,0,1,0,1,0,0,1,0,0,0,0,0,1,1,0,0,0,1,0,0,1,0,1,0
36,7855,4,2,25,2,1,1,0,1,0,0,0,1,0,0,1,212.2972972972973,302.11538461538464,196.375,0,0,0,1,0,0,0,0,1,1,0,0,0,0,0,0,0,0,0,1,0,0,0,0,0,0,1,0,0,0,1,0,0,1,0,0,1,0,0,0,0,1,0,0,1,0,0,0,1,0,0,1,1,0
12,1680,3,1,35,1,1,0,0,1,0,1,0,0,1,0,0,129.23076923076923,46.666666666666664,58.8,1,0,0,0,0,0,1,0,0,0,0,0,0,1,0,0,0,0,0,0,0,1,0,0,0,0,0,0,1,0,0,0,1,1,0,0,1,0,0,0,0,0,1,0,1,0,0,0,1,0,1,0,1,0
48,3578,4,1,47,1,1,0,0,1,0,0,1,0,0,0,1,73.0204081632653,74.54166666666667,168.166,0,0,0,1,0,0,0,0,1,0,0,0,0,1,0,0,0,0,0,0,0,0,0,1,0,0,0,0,1,0,0,1,0,1,0,0,1,0,0,0,0,0,1,0,1,0,0,0,1,0,0,1,1,0
42,7174,4,3,30,1,1,1,0,1,0,0,0,1,0,0,1,166.8372093023256,231.41935483870967,215.22,1,0,0,0,0,0,1,0,0,0,0,0,0,1,0,0,0,0,0,0,0,0,0,1,0,0,0,1,0,0,1,0,0,1,0,0,0,0,1,0,0,0,1,0,1,0,0,0,0,1,0,1,1,0
10,2132,2,3,27,2,1,0,0,1,0,1,0,0,1,0,0,193.8181818181818,76.14285714285714,57.564,1,0,0,0,0,0,0,0,1,0,0,0,1,0,0,0,0,0,0,0,0,0,0,1,0,1,0,0,0,0,1,0,0,0,1,0,1,0,0,0,0,0,1,1,0,0,0,0,1,0,1,0,0,1
33,4281,1,4,23,2,1,1,1,0,0,0,1,0,0,0,1,125.91176470588235,178.375,98.463,1,0,0,0,0,0,0,0,1,0,0,0,1,0,0,0,0,0,0,0,0,1,0,0,0,0,1,0,0,0,1,0,0,1,0,0,0,0,1,0,0,0,1,0,1,0,0,0,1,0,1,0,1,0
12,2366,3,3,36,1,1,0,0,1,0,1,0,0,1,0,0,182.0,63.945945945945944,85.176,0,1,0,0,0,0,0,0,1,1,0,0,0,0,0,0,0,0,0,0,0,1,0,0,0,0,0,1,0,1,0,0,0,1,0,0,0,0,1,0,0,0,1,0,1,0,0,0,0,1,0,1,1,0
21,1835,3,2,25,2,1,1,0,1,0,1,0,0,0,1,0,83.4090909090909,70.57692307692308,45.875,1,0,0,0,0,0,1,0,0,0,0,0,0,1,0,0,0,0,0,1,0,0,0,0,0,0,1,0,0,0,1,0,0,1,0,0,1,0,0,0,0,0,1,0,1,0,0,0,1,0,0,1,1,0
24,3868,4,2,41,2,1,0,0,1,0,0,1,0,0,1,0,154.72,92.0952380952381,158.588,0,0,0,1,0,0,0,0,1,0,1,0,0,0,0,0,0,0,0,1,0,0,0,0,0,0,0,0,1,0,1,0,0,1,0,0,0,0,1,0,0,0,1,1,0,0,0,0,0,1,0,1,1,0
12,1768,3,2,24,1,1,0,1,0,0,1,0,0,1,0,0,136.0,70.72,42.432,0,0,0,1,0,0,1,0,0,0,0,0,1,0,0,0,0,0,0,1,0,0,0,0,0,0,1,0,0,0,0,1,0,1,0,0,1,0,0,0,0,0,1,1,0,0,0,1,0,0,1,0,1,0
10,781,4,4,63,2,1,0,0,0,1,1,0,0,1,0,0,71.0,12.203125,49.203,0,0,1,0,0,0,0,0,1,1,0,0,0,0,0,0,0,0,0,1,0,0,0,0,0,0,0,0,1,0,0,1,0,1,0,0,0,0,0,1,0,0,1,0,0,1,0,0,1,0,0,1,1,0
18,1924,4,3,27,1,1,1,0,1,0,1,0,0,0,1,0,101.26315789473684,68.71428571428571,51.948,0,1,0,0,0,0,1,0,0,0,0,0,1,0,0,0,0,0,0,0,0,0,0,1,0,1,0,0,0,0,1,0,0,1,0,0,1,0,0,0,0,0,1,1,0,0,0,0,1,0,1,0,1,0
12,2121,4,2,30,2,1,0,0,1,0,1,0,0,1,0,0,163.15384615384616,68.41935483870968,63.63,1,0,0,0,0,0,0,0,1,1,0,0,0,0,0,0,0,0,0,1,0,0,0,0,0,0,1,0,0,0,0,1,0,1,0,0,0,1,0,0,0,0,1,0,1,0,0,0,1,0,1,0,1,0
12,701,4,2,40,1,1,0,0,1,0,1,0,0,1,0,0,53.92307692307692,17.097560975609756,28.04,1,0,0,0,0,0,1,0,0,0,0,0,0,1,0,0,0,0,0,1,0,0,0,0,0,0,1,0,0,0,0,0,1,1,0,0,1,0,0,0,0,0,1,0,1,0,0,1,0,0,1,0,1,0
12,639,4,2,30,1,1,1,0,1,0,1,0,0,1,0,0,49.15384615384615,20.612903225806452,19.17,0,1,0,0,0,0,1,0,0,0,0,0,0,0,0,1,0,0,0,1,0,0,0,0,0,0,1,0,0,0,0,1,0,1,0,0,0,0,1,0,0,0,1,0,1,0,0,0,1,0,1,0,1,0
12,1860,4,2,34,2,1,0,0,1,0,1,0,0,1,0,0,143.07692307692307,53.142857142857146,63.24,0,1,0,0,0,0,0,0,1,0,1,0,0,0,0,0,0,0,0,1,0,0,0,0,1,0,0,0,0,0,0,1,0,1,0,0,0,0,1,0,0,0,1,0,1,0,0,0,0,1,0,1,1,0
12,3499,3,2,29,2,1,1,0,1,0,0,1,0,1,0,0,269.15384615384613,116.63333333333334,101.471,1,0,0,0,0,0,0,0,1,1,0,0,0,0,0,0,0,0,0,1,0,0,0,0,0,0,1,0,0,0,1,0,0,0,1,0,1,0,0,0,0,0,1,0,1,0,0,0,1,0,1,0,1,0
48,8487,1,2,24,1,1,0,1,0,0,0,0,1,0,0,1,173.20408163265307,339.48,203.688,0,1,0,0,0,0,1,0,0,1,0,0,0,0,0,0,0,0,0,0,0,0,0,1,0,0,0,1,0,0,1,0,0,1,0,0,0,0,1,0,0,0,1,0,1,0,0,0,1,0,1,0,1,0
36,6887,4,3,29,1,1,1,0,1,0,0,0,1,0,0,1,186.13513513513513,229.56666666666666,199.723,1,0,0,0,0,0,0,1,0,0,0,0,0,0,0,0,1,0,0,1,0,0,0,0,0,0,1,0,0,0,0,1,0,1,0,0,0,1,0,0,0,1,0,0,1,0,0,0,1,0,0,1,1,0
15,2708,2,3,27,2,1,0,0,1,0,0,1,0,0,1,0,169.25,96.71428571428571,73.116,0,0,0,1,0,0,1,0,0,0,0,0,1,0,0,0,0,0,0,1,0,0,0,0,0,1,0,0,0,0,0,1,0,1,0,0,0,1,0,0,1,0,0,0,1,0,0,1,0,0,1,0,1,0
18,1984,4,4,47,2,1,0,0,1,0,1,0,0,0,1,0,104.42105263157895,41.333333333333336,93.248,0,0,0,1,0,0,1,0,0,0,0,0,1,0,0,0,0,0,0,1,0,0,0,0,0,0,1,0,0,0,0,1,0,1,0,0,0,0,0,1,1,0,0,0,0,1,0,0,1,0,1,0,1,0
60,10144,2,4,21,1,1,0,1,0,0,0,0,1,0,0,1,166.29508196721312,461.09090909090907,213.024,0,0,0,1,0,0,1,0,0,0,0,0,0,1,0,0,0,0,0,0,1,0,0,0,0,0,0,1,0,0,1,0,0,1,0,0,1,0,0,0,0,0,1,0,1,0,0,0,1,0,0,1,1,0
12,1240,4,2,38,2,1,0,0,1,0,1,0,0,1,0,0,95.38461538461539,31.794871794871796,47.12,0,0,0,1,0,0,0,0,1,0,0,0,0,1,0,0,0,0,0,0,0,0,0,1,0,0,0,0,1,0,1,0,0,1,0,0,1,0,0,0,0,0,1,0,1,0,0,0,1,0,0,1,1,0
27,8613,2,2,27,2,1,0,0,1,0,0,0,1,0,0,1,307.60714285714283,307.60714285714283,232.551,0,0,0,1,0,0,0,1,0,0,1,0,0,0,0,0,0,0,0,0,0,0,1,0,0,0,1,0,0,0,0,1,0,1,0,0,0,0,1,0,0,0,1,0,1,0,0,0,1,0,1,0,1,0
12,766,4,3,66,1,1,1,0,0,1,1,0,0,1,0,0,58.92307692307692,11.432835820895523,50.556,0,1,0,0,0,0,1,0,0,0,0,0,0,1,0,0,0,0,0,0,0,1,0,0,0,0,1,0,0,0,0,1,0,1,0,0,1,0,0,0,0,0,1,0,1,0,0,1,0,0,1,0,1,0
15,2728,4,2,35,3,1,0,0,1,0,0,1,0,0,1,0,170.5,75.77777777777777,95.48,0,1,0,0,0,0,0,0,1,0,0,0,0,1,0,0,0,0,0,0,0,0,0,1,0,0,0,1,0,0,0,1,0,0,0,1,1,0,0,0,1,0,0,0,1,0,0,0,1,0,0,1,1,0
12,1881,2,2,44,1,1,0,0,1,0,1,0,0,1,0,0,144.69230769230768,41.8,82.764,0,0,1,0,0,0,1,0,0,0,0,0,0,1,0,0,0,0,0,1,0,0,0,0,0,0,1,0,0,0,1,0,0,1,0,0,0,0,1,0,0,0,1,1,0,0,0,1,0,0,0,1,1,0
6,709,2,2,27,1,1,0,0,1,0,1,0,0,1,0,0,101.28571428571429,25.321428571428573,19.143,0,0,1,0,0,0,1,0,0,1,0,0,0,0,0,0,0,0,0,0,0,0,1,0,0,1,0,0,0,0,0,0,1,1,0,0,1,0,0,0,0,0,1,0,1,0,1,0,0,0,1,0,0,1
36,4795,4,1,30,1,1,0,0,1,0,0,1,0,0,0,1,129.59459459459458,154.67741935483872,143.85,0,1,0,0,0,0,1,0,0,0,0,0,0,1,0,0,0,0,0,1,0,0,0,0,0,1,0,0,0,0,1,0,0,1,0,0,0,0,0,1,0,0,1,0,1,0,0,0,0,1,0,1,1,0
27,3416,3,2,27,1,1,0,0,1,0,0,1,0,0,0,1,122.0,122.0,92.232,1,0,0,0,0,0,1,0,0,0,0,0,0,1,0,0,0,0,0,1,0,0,0,0,0,0,1,0,0,0,0,1,0,1,0,0,0,0,1,0,0,0,1,0,1,0,0,0,0,1,1,0,1,0
18,2462,2,2,22,1,1,1,1,0,0,1,0,0,0,1,0,129.57894736842104,107.04347826086956,54.164,1,0,0,0,0,0,1,0,0,0,0,0,1,0,0,0,0,0,0,1,0,0,0,0,0,0,1,0,0,0,0,1,0,1,0,0,0,0,1,0,0,0,1,0,1,0,0,0,1,0,1,0,1,0
21,2288,4,4,23,1,1,0,1,0,0,1,0,0,0,1,0,104.0,95.33333333333333,52.624,0,0,0,1,0,0,0,0,1,0,0,0,1,0,0,0,0,0,0,1,0,0,0,0,0,1,0,0,0,0,1,0,0,1,0,0,0,1,0,0,0,0,1,0,1,0,0,0,1,0,0,1,1,0
48,3566,4,2,30,1,1,0,0,1,0,0,1,0,0,0,1,72.77551020408163,115.03225806451613,106.98,0,1,0,0,0,1,0,0,0,0,0,0,0,0,0,0,0,0,1,0,1,0,0,0,0,0,0,1,0,0,0,1,0,1,0,0,0,0,1,0,0,0,1,0,1,0,0,0,1,0,1,0,1,0
6,860,1,4,39,2,1,0,0,1,0,1,0,0,1,0,0,122.85714285714286,21.5,33.54,1,0,0,0,0,0,0,0,1,1,0,0,0,0,0,0,0,0,0,1,0,0,0,0,0,0,0,0,1,0,1,0,0,1,0,0,0,0,0,1,0,0,1,0,1,0,0,0,1,0,0,1,1,0
12,682,4,3,51,2,1,0,0,1,0,1,0,0,1,0,0,52.46153846153846,13.115384615384615,34.782,0,0,0,1,0,0,0,0,1,1,0,0,0,0,0,0,0,0,0,0,1,0,0,0,0,0,0,1,0,0,1,0,0,1,0,0,0,0,1,0,0,0,1,0,1,0,0,0,1,0,0,1,1,0
36,5371,3,2,28,2,1,0,0,1,0,0,0,1,0,0,1,145.16216216216216,185.20689655172413,150.388,1,0,0,0,0,0,0,0,1,0,0,0,1,0,0,0,0,0,0,1,0,0,0,0,0,0,1,0,0,0,0,1,0,0,0,1,0,1,0,0,0,0,1,0,1,0,0,0,1,0,1,0,1,0
18,1582,4,4,46,2,1,0,0,1,0,1,0,0,0,1,0,83.26315789473684,33.659574468085104,72.772,0,0,0,1,0,0,0,0,1,0,0,0,0,1,0,0,0,0,0,0,0,0,1,0,0,0,0,0,1,0,0,1,0,1,0,0,0,0,1,0,0,0,1,0,1,0,0,0,1,0,1,0,1,0
6,1346,2,4,42,1,2,0,0,1,0,1,0,0,1,0,0,192.28571428571428,31.302325581395348,56.532,0,0,0,1,0,0,1,0,0,0,0,0,0,1,0,0,0,0,0,0,1,0,0,0,0,0,0,0,1,0,0,1,0,1,0,0,0,0,0,1,1,0,0,0,0,1,0,0,1,0,0,1,1,0
10,1924,1,4,38,1,1,0,0,1,0,1,0,0,1,0,0,174.9090909090909,49.333333333333336,73.112,0,0,0,1,0,0,1,0,0,0,0,0,0,1,0,0,0,0,0,1,0,0,0,0,0,0,1,0,0,0,0,1,0,1,0,0,0,1,0,0,0,0,1,0,1,0,0,0,1,0,0,1,0,1
36,5848,4,1,24,1,1,0,1,0,0,0,0,1,0,0,1,158.05405405405406,233.92,140.352,0,0,1,0,0,0,1,0,0,0,0,0,0,1,0,0,0,0,0,1,0,0,0,0,0,0,1,0,0,0,0,1,0,1,0,0,0,0,1,0,0,0,1,0,1,0,0,0,1,0,1,0,1,0
24,7758,2,4,29,1,1,0,0,1,0,0,0,1,0,1,0,310.32,258.6,224.982,0,1,0,0,0,0,0,0,1,0,1,0,0,0,0,0,0,0,0,0,0,0,1,0,0,0,0,0,1,0,1,0,0,1,0,0,0,0,0,1,0,0,1,1,0,0,0,0,1,0,1,0,1,0
24,6967,4,4,36,1,1,0,0,1,0,0,0,1,0,1,0,278.68,188.2972972972973,250.812,0,1,0,0,0,0,0,1,0,0,0,0,0,0,0,0,0,0,1,0,1,0,0,0,0,0,0,1,0,0,0,1,0,1,0,0,0,0,1,0,0,0,1,1,0,0,0,0,0,1,0,1,1,0
12,1282,2,4,20,1,1,1,1,0,0,1,0,0,1,0,0,98.61538461538461,61.04761904761905,25.64,1,0,0,0,0,0,1,0,0,0,0,0,1,0,0,0,0,0,0,1,0,0,0,0,0,0,1,0,0,0,1,0,0,1,0,0,0,0,1,0,0,0,1,1,0,0,0,0,1,0,1,0,1,0
9,1288,3,4,48,2,2,0,0,1,0,1,0,0,1,0,0,128.8,26.285714285714285,61.824,1,0,0,0,0,0,0,0,1,0,0,0,0,0,0,1,0,0,0,0,1,0,0,0,0,0,0,0,1,0,0,1,0,0,0,1,1,0,0,0,0,0,1,0,1,0,0,0,1,0,1,0,0,1
12,339,4,1,45,1,1,0,0,1,0,1,0,0,1,0,0,26.076923076923077,7.369565217391305,15.255,1,0,0,0,0,1,0,0,0,0,0,0,0,0,0,0,0,1,0,1,0,0,0,0,0,0,0,0,1,0,0,0,1,1,0,0,0,0,1,0,1,0,0,0,1,0,0,1,0,0,1,0,1,0
24,3512,2,3,38,2,1,0,0,1,0,0,1,0,0,1,0,140.48,90.05128205128206,133.456,0,1,0,0,0,0,1,0,0,1,0,0,0,0,0,0,0,0,0,0,1,0,0,0,0,0,0,1,0,0,0,1,0,1,0,0,0,0,1,0,1,0,0,0,1,0,0,0,1,0,0,1,1,0
6,1898,1,2,34,2,2,0,0,1,0,1,0,0,1,0,0,271.14285714285717,54.22857142857143,64.532,0,0,0,1,0,0,0,0,1,0,0,0,0,1,0,0,0,0,0,0,0,0,0,1,0,0,1,0,0,0,0,1,0,1,0,0,1,0,0,0,0,0,1,0,1,0,0,1,0,0,1,0,1,0
24,2872,3,4,36,1,2,0,0,1,0,0,1,0,0,1,0,114.88,77.62162162162163,103.392,0,0,0,1,0,0,0,0,1,0,0,0,0,1,0,0,0,0,0,0,1,0,0,0,0,0,0,0,1,0,0,1,0,1,0,0,1,0,0,0,0,0,1,0,1,0,0,0,1,0,0,1,1,0
18,1055,4,1,30,2,1,0,0,1,0,1,0,0,0,1,0,55.526315789473685,34.03225806451613,31.65,0,0,0,1,0,0,0,0,1,1,0,0,0,0,0,0,0,0,0,1,0,0,0,0,0,1,0,0,0,0,1,0,0,1,0,0,0,1,0,0,0,0,1,0,1,0,0,0,1,0,1,0,1,0
15,1262,4,3,36,2,1,0,0,1,0,1,0,0,0,1,0,78.875,34.108108108108105,45.432,0,0,0,1,0,0,1,0,0,0,0,0,0,0,1,0,0,0,0,0,0,1,0,0,0,0,0,1,0,0,0,1,0,1,0,0,0,1,0,0,0,0,1,0,1,0,0,0,1,0,0,1,1,0
10,7308,2,4,70,1,1,0,0,0,1,0,0,1,1,0,0,664.3636363636364,102.92957746478874,511.56,0,1,0,0,0,0,1,0,0,1,0,0,0,0,0,0,0,0,0,1,0,0,0,0,1,0,0,0,0,0,0,1,0,1,0,0,0,0,0,1,1,0,0,0,0,1,0,0,0,1,0,1,1,0
36,909,4,4,36,1,1,0,0,1,0,1,0,0,0,0,1,24.56756756756757,24.56756756756757,32.724,0,0,0,1,0,0,1,0,0,1,0,0,0,0,0,0,0,0,0,0,0,1,0,0,0,0,0,0,1,0,0,1,0,1,0,0,0,1,0,0,0,0,1,0,1,0,0,0,1,0,1,0,1,0
6,2978,1,2,32,1,1,0,0,1,0,0,1,0,1,0,0,425.42857142857144,90.24242424242425,95.296,0,0,0,1,0,0,1,0,0,0,0,0,1,0,0,0,0,0,0,0,0,1,0,0,0,0,1,0,0,0,0,1,0,1,0,0,0,0,1,0,0,0,1,0,1,0,0,0,1,0,0,1,1,0
18,1131,4,2,33,1,1,1,0,1,0,1,0,0,0,1,0,59.526315789473685,33.26470588235294,37.323,1,0,0,0,0,0,1,0,0,0,0,0,1,0,0,0,0,0,0,1,0,0,0,0,1,0,0,0,0,0,1,0,0,1,0,0,0,0,1,0,0,0,1,0,1,0,0,0,1,0,1,0,1,0
11,1577,4,1,20,1,1,0,1,0,0,1,0,0,1,0,0,131.41666666666666,75.0952380952381,31.54,0,1,0,0,0,0,1,0,0,0,0,0,1,0,0,0,0,0,0,0,0,0,1,0,0,1,0,0,0,0,1,0,0,1,0,0,1,0,0,0,0,0,1,0,1,0,0,0,1,0,1,0,1,0
24,3972,2,4,25,1,1,0,0,1,0,0,1,0,0,1,0,158.88,152.76923076923077,99.3,0,0,0,1,0,0,1,0,0,0,0,0,1,0,0,0,0,0,0,1,0,0,0,0,0,0,0,1,0,0,1,0,0,1,0,0,0,1,0,0,0,0,1,1,0,0,0,0,1,0,0,1,1,0
24,1935,4,4,31,2,1,1,0,1,0,1,0,0,0,1,0,77.4,60.46875,59.985,0,1,0,0,0,0,0,0,1,0,0,0,0,0,0,0,0,0,1,1,0,0,0,0,0,0,0,0,1,1,0,0,0,1,0,0,1,0,0,0,0,0,1,0,1,0,0,0,1,0,0,1,1,0
15,950,4,3,33,2,2,1,0,1,0,1,0,0,0,1,0,59.375,27.941176470588236,31.35,1,0,0,0,1,0,0,0,0,1,0,0,0,0,0,0,0,0,0,1,0,0,0,0,0,0,0,0,1,0,0,1,0,1,0,0,0,0,1,0,0,0,1,1,0,0,0,0,1,0,1,0,1,0
12,763,4,1,26,1,1,0,0,1,0,1,0,0,1,0,0,58.69230769230769,28.25925925925926,19.838,0,0,0,1,0,0,1,0,0,0,0,0,1,0,0,0,0,0,0,1,0,0,0,0,0,0,1,0,0,0,1,0,0,1,0,0,1,0,0,0,0,0,1,0,1,0,0,0,1,0,0,1,1,0
24,2064,3,2,34,1,1,1,0,1,0,1,0,0,0,1,0,82.56,58.97142857142857,70.176,0,1,0,0,0,0,0,1,0,0,0,0,1,0,0,0,0,0,0,1,0,0,0,0,1,0,0,0,0,0,1,0,0,1,0,0,0,1,0,0,0,0,1,0,1,0,0,0,0,1,0,1,1,0
8,1414,4,2,33,1,1,0,0,1,0,1,0,0,1,0,0,157.11111111111111,41.588235294117645,46.662,0,1,0,0,0,0,1,0,0,0,0,0,0,1,0,0,0,0,0,1,0,0,0,0,0,0,1,0,0,0,0,1,0,0,0,1,1,0,0,0,0,0,1,0,1,0,0,0,1,0,1,0,0,1
21,3414,2,1,26,2,1,1,0,1,0,0,1,0,0,1,0,155.1818181818182,126.44444444444444,88.764,1,0,0,0,0,0,0,1,0,0,0,0,0,0,0,0,1,0,0,1,0,0,0,0,0,1,0,0,0,0,0,1,0,1,0,0,0,1,0,0,0,0,1,0,1,0,0,0,1,0,1,0,1,0
30,7485,4,1,53,1,1,1,0,1,0,0,0,1,0,0,1,241.4516129032258,138.61111111111111,396.705,0,0,0,1,0,1,0,0,0,0,1,0,0,0,0,0,0,0,0,0,0,0,0,1,1,0,0,0,0,0,1,0,0,1,0,0,1,0,0,0,1,0,0,0,1,0,0,0,0,1,0,1,1,0
12,2577,2,1,42,1,1,0,0,1,0,0,1,0,1,0,0,198.23076923076923,59.93023255813954,108.234,1,0,0,0,0,0,1,0,0,0,0,0,1,0,0,0,0,0,0,1,0,0,0,0,0,0,1,0,0,1,0,0,0,1,0,0,0,0,1,0,0,0,1,0,1,0,0,0,1,0,1,0,1,0
6,338,4,4,52,2,1,0,0,1,0,1,0,0,1,0,0,48.285714285714285,6.377358490566038,17.576,1,0,0,0,0,0,0,0,1,0,0,0,0,1,0,0,0,0,0,0,0,1,0,0,0,0,0,0,1,0,0,1,0,1,0,0,0,0,1,0,0,0,1,0,1,0,0,0,1,0,1,0,1,0
12,1963,4,2,31,2,2,0,0,1,0,1,0,0,1,0,0,151.0,61.34375,60.853,0,0,0,1,0,0,1,0,0,0,0,0,0,1,0,0,0,0,0,1,0,0,0,0,0,0,0,1,0,0,0,1,0,1,0,0,0,0,1,0,0,0,1,1,0,0,0,0,0,1,0,1,1,0
21,571,4,4,65,2,1,0,0,0,1,1,0,0,0,1,0,25.954545454545453,8.651515151515152,37.115,1,0,0,0,0,0,0,0,1,1,0,0,0,0,0,0,0,0,0,1,0,0,0,0,0,0,0,0,1,0,0,1,0,1,0,0,1,0,0,0,0,0,1,0,1,0,0,0,1,0,1,0,1,0
36,9572,1,1,28,2,1,1,0,1,0,0,0,1,0,0,1,258.7027027027027,330.0689655172414,268.016,0,0,0,1,0,0,0,1,0,0,0,0,0,0,0,0,0,0,1,1,0,0,0,0,0,1,0,0,0,1,0,0,0,1,0,0,0,0,1,0,0,0,1,0,1,0,0,0,1,0,1,0,1,0
36,4455,2,2,30,2,1,1,0,1,0,0,1,0,0,0,1,120.4054054054054,143.70967741935485,133.65,0,1,0,0,0,0,0,1,0,0,0,0,0,0,0,0,0,0,1,1,0,0,0,0,0,0,1,0,0,1,0,0,0,1,0,0,1,0,0,0,0,1,0,0,1,0,0,0,0,1,0,1,1,0
21,1647,4,2,40,2,2,1,0,1,0,1,0,0,0,1,0,74.86363636363636,40.170731707317074,65.88,1,0,0,0,0,1,0,0,0,1,0,0,0,0,0,0,0,0,0,0,0,0,0,1,0,0,1,0,0,0,0,1,0,1,0,0,0,1,0,0,0,0,1,0,1,0,0,1,0,0,1,0,1,0
24,3777,4,4,50,1,1,0,0,1,0,0,1,0,0,1,0,151.08,74.05882352941177,188.85,0,0,0,1,0,0,0,0,1,0,0,0,1,0,0,0,0,0,0,0,0,0,1,0,0,0,1,0,0,0,0,1,0,1,0,0,1,0,0,0,0,0,1,0,1,0,0,0,1,0,0,1,1,0
18,884,4,4,36,1,2,1,0,1,0,1,0,0,0,1,0,46.526315789473685,23.89189189189189,31.824,0,1,0,0,0,0,0,0,1,1,0,0,0,0,0,0,0,0,0,1,0,0,0,0,0,0,0,0,1,0,0,1,0,1,0,0,0,0,1,0,1,0,0,0,1,0,0,0,1,0,0,1,1,0
15,1360,4,2,31,2,1,0,0,1,0,1,0,0,0,1,0,85.0,42.5,42.16,0,0,0,1,0,0,0,0,1,0,0,0,0,1,0,0,0,0,0,1,0,0,0,0,0,0,1,0,0,0,0,1,0,1,0,0,0,1,0,0,0,0,1,0,1,0,0,0,1,0,1,0,1,0
9,5129,2,4,74,1,2,1,0,0,1,0,0,1,1,0,0,512.9,68.38666666666667,379.546,0,1,0,0,0,1,0,0,0,0,1,0,0,0,0,0,0,0,0,1,0,0,0,0,0,0,0,0,1,0,1,0,0,1,0,0,0,0,0,1,1,0,0,0,0,1,0,0,0,1,0,1,1,0
16,1175,2,3,68,3,1,0,0,0,1,1,0,0,0,1,0,69.11764705882354,17.028985507246375,79.9,0,1,0,0,0,0,0,0,1,1,0,0,0,0,0,0,0,0,0,1,0,0,0,0,1,0,0,0,0,0,0,1,0,1,0,0,0,0,1,0,0,0,1,0,0,1,1,0,0,0,0,1,1,0
12,674,4,1,20,1,1,1,1,0,0,1,0,0,1,0,0,51.84615384615385,32.095238095238095,13.48,1,0,0,0,0,0,1,0,0,0,0,0,0,1,0,0,0,0,0,0,1,0,0,0,0,0,0,1,0,0,0,0,1,1,0,0,0,1,0,0,0,0,1,0,1,0,0,0,1,0,1,0,1,0
18,3244,1,4,33,2,1,0,0,1,0,0,1,0,0,1,0,170.73684210526315,95.41176470588235,107.052,0,1,0,0,1,0,0,0,0,0,0,0,1,0,0,0,0,0,0,1,0,0,0,0,0,0,1,0,0,0,1,0,0,1,0,0,0,0,1,0,1,0,0,0,1,0,0,0,1,0,0,1,1,0
24,4591,2,3,54,3,1,1,0,1,0,0,1,0,0,1,0,183.64,83.47272727272727,247.914,0,0,0,1,0,0,1,0,0,0,0,0,0,0,0,0,0,0,1,0,0,0,1,0,0,0,1,0,0,0,0,1,0,1,0,0,0,1,0,0,0,0,1,0,1,0,0,0,0,1,0,1,1,0
48,3844,4,4,34,1,2,1,0,1,0,0,1,0,0,0,1,78.44897959183673,109.82857142857142,130.696,0,1,0,0,1,0,0,0,0,0,0,0,0,0,0,0,0,0,1,0,1,0,0,0,0,0,0,1,0,0,0,1,0,1,0,0,0,0,0,1,0,0,1,0,0,1,0,1,0,0,1,0,1,0
27,3915,4,2,36,1,2,1,0,1,0,0,1,0,0,0,1,139.82142857142858,105.8108108108108,140.94,0,1,0,0,0,0,1,0,0,0,0,0,0,0,0,0,0,0,1,1,0,0,0,0,0,0,1,0,0,0,0,1,0,1,0,0,0,0,1,0,0,0,1,0,1,0,0,0,1,0,0,1,1,0
6,2108,2,2,29,1,1,0,0,1,0,1,0,0,1,0,0,301.14285714285717,70.26666666666667,61.132,0,0,0,1,0,0,1,0,0,0,0,0,0,1,0,0,0,0,0,1,0,0,0,0,0,0,0,1,0,0,0,0,1,1,0,0,1,0,0,0,0,0,1,1,0,0,0,0,1,0,1,0,1,0
45,3031,4,4,21,1,1,1,1,0,0,0,1,0,0,0,1,65.8913043478261,137.77272727272728,63.651,0,1,0,0,0,0,1,0,0,0,0,0,0,1,0,0,0,0,0,0,1,0,0,0,0,0,1,0,0,0,0,1,0,0,0,1,0,1,0,0,0,0,1,1,0,0,0,0,1,0,1,0,1,0
9,1501,2,3,34,2,1,1,0,1,0,1,0,0,1,0,0,150.1,42.885714285714286,51.034,0,1,0,0,0,0,0,0,1,0,0,0,0,0,0,0,1,0,0,1,0,0,0,0,0,0,0,0,1,0,1,0,0,1,0,0,0,0,1,0,0,0,1,0,1,0,0,0,0,1,0,1,1,0
6,1382,1,1,28,2,1,0,0,1,0,1,0,0,1,0,0,197.42857142857142,47.6551724137931,38.696,0,0,0,1,0,0,0,0,1,0,0,0,0,1,0,0,0,0,0,1,0,0,0,0,0,0,1,0,0,0,1,0,0,1,0,0,0,0,1,0,0,0,1,0,1,0,0,0,1,0,0,1,1,0
12,951,4,4,27,4,1,1,0,1,0,1,0,0,1,0,0,73.15384615384616,33.964285714285715,25.677,0,1,0,0,0,0,1,0,0,0,0,0,1,0,0,0,0,0,0,0,1,0,0,0,0,1,0,0,0,0,1,0,0,1,0,0,0,0,1,0,1,0,0,1,0,0,0,0,1,0,1,0,1,0
24,2760,4,4,36,1,1,0,0,1,0,0,1,0,0,1,0,110.4,74.5945945945946,99.36,0,1,0,0,0,0,1,0,0,0,1,0,0,0,0,0,0,0,0,0,0,0,0,1,0,0,0,0,1,0,0,1,0,1,0,0,0,0,0,1,1,0,0,0,0,1,0,0,1,0,0,1,1,0
18,4297,4,3,40,1,1,1,0,1,0,0,1,0,0,1,0,226.1578947368421,104.8048780487805,171.88,0,1,0,0,0,0,0,1,0,0,0,0,1,0,0,0,0,0,0,1,0,0,0,0,0,0,0,0,1,1,0,0,0,1,0,0,0,0,0,1,0,0,1,0,1,0,0,0,0,1,0,1,1,0
9,936,4,2,52,2,1,0,0,1,0,1,0,0,1,0,0,93.6,17.660377358490567,48.672,0,0,0,1,0,0,0,0,1,0,0,0,0,0,0,0,1,0,0,0,0,1,0,0,0,0,0,0,1,0,0,1,0,1,0,0,0,0,1,0,0,0,1,0,1,0,0,0,1,0,0,1,1,0
12,1168,4,3,27,1,1,0,0,1,0,1,0,0,1,0,0,89.84615384615384,41.714285714285715,31.536,1,0,0,0,0,0,1,0,0,1,0,0,0,0,0,0,0,0,0,1,0,0,0,0,0,0,1,0,0,0,0,0,1,1,0,0,1,0,0,0,0,0,1,0,1,0,0,1,0,0,1,0,1,0
27,5117,3,4,26,2,1,0,0,1,0,0,0,1,0,0,1,182.75,189.5185185185185,133.042,0,0,0,1,0,0,0,1,0,0,0,0,0,0,0,0,0,0,1,1,0,0,0,0,0,0,0,1,0,0,0,1,0,1,0,0,0,0,1,0,0,0,1,0,1,0,0,0,1,0,1,0,1,0
12,902,4,4,21,1,1,1,1,0,0,1,0,0,1,0,0,69.38461538461539,41.0,18.942,1,0,0,0,0,0,1,0,0,0,0,0,0,0,0,0,0,1,0,1,0,0,0,0,0,0,0,1,0,0,0,0,1,1,0,0,0,1,0,0,0,0,1,1,0,0,0,0,1,0,1,0,1,0
12,1495,4,1,38,2,2,0,0,1,0,1,0,0,1,0,0,115.0,38.333333333333336,56.81,0,0,0,1,0,0,0,0,1,1,0,0,0,0,0,0,0,0,0,1,0,0,0,0,0,0,0,0,1,0,0,1,0,1,0,0,1,0,0,0,0,0,1,0,1,0,0,1,0,0,1,0,1,0
30,10623,3,4,38,3,2,0,0,1,0,0,0,1,0,0,1,342.6774193548387,272.38461538461536,403.674,1,0,0,0,0,0,0,0,1,0,1,0,0,0,0,0,0,0,0,1,0,0,0,0,0,0,0,0,1,0,0,1,0,1,0,0,0,0,0,1,0,0,1,0,0,1,0,0,0,1,0,1,1,0
12,1935,4,4,43,3,1,0,0,1,0,1,0,0,1,0,0,148.84615384615384,43.97727272727273,83.205,0,0,0,1,0,0,0,0,1,0,0,0,1,0,0,0,0,0,0,1,0,0,0,0,0,0,0,0,1,0,0,1,0,1,0,0,1,0,0,0,0,0,1,0,1,0,0,0,1,0,0,1,1,0
12,1424,4,3,26,1,1,0,0,1,0,1,0,0,1,0,0,109.53846153846153,52.74074074074074,37.024,0,1,0,0,0,0,0,0,1,0,0,0,0,0,1,0,0,0,0,1,0,0,0,0,0,0,0,1,0,0,0,1,0,1,0,0,0,1,0,0,0,0,1,0,1,0,0,0,1,0,1,0,1,0
24,6568,2,2,21,1,1,0,1,0,0,0,0,1,0,1,0,262.72,298.54545454545456,137.928,1,0,0,0,0,0,1,0,0,0,0,0,0,0,0,0,0,0,1,1,0,0,0,0,0,0,1,0,0,0,0,0,1,1,0,0,0,0,1,0,0,1,0,0,1,0,0,1,0,0,1,0,1,0
12,1413,3,2,55,1,1,0,0,1,0,1,0,0,1,0,0,108.6923076923077,25.232142857142858,77.715,0,0,0,1,0,0,1,0,0,0,1,0,0,0,0,0,0,0,0,0,0,0,1,0,0,0,0,1,0,0,0,1,0,1,0,0,0,1,0,0,0,0,1,0,1,0,0,0,1,0,1,0,0,1
9,3074,1,2,33,2,2,0,0,1,0,0,1,0,1,0,0,307.4,90.41176470588235,101.442,0,0,0,1,0,0,0,0,1,0,0,0,0,1,0,0,0,0,0,0,0,0,0,1,0,0,1,0,0,0,0,1,0,1,0,0,1,0,0,0,0,0,1,0,1,0,0,0,1,0,1,0,1,0
36,3835,2,4,45,1,1,0,0,1,0,0,1,0,0,0,1,103.64864864864865,83.3695652173913,172.575,0,0,0,1,0,0,1,0,0,0,0,0,0,1,0,0,0,0,0,0,0,0,0,1,0,0,0,0,1,0,1,0,0,1,0,0,1,0,0,0,0,0,1,0,1,0,0,1,0,0,0,1,1,0
27,5293,2,4,50,2,1,1,0,1,0,0,0,1,0,0,1,189.03571428571428,103.7843137254902,264.65,1,0,0,0,1,0,0,0,0,0,0,0,0,0,0,0,0,0,1,1,0,0,0,0,1,0,0,0,0,0,0,1,0,1,0,0,0,1,0,0,0,1,0,0,1,0,0,0,1,0,0,1,1,0
30,1908,4,4,66,1,1,1,0,0,1,1,0,0,0,0,1,61.54838709677419,28.47761194029851,125.928,0,0,1,0,0,0,0,1,0,0,0,0,0,0,0,0,0,0,1,1,0,0,0,0,0,0,0,0,1,0,0,1,0,1,0,0,1,0,0,0,0,0,1,0,1,0,0,0,0,1,0,1,1,0
36,3342,4,2,51,1,1,0,0,1,0,0,1,0,0,0,1,90.32432432432432,64.26923076923077,170.442,0,0,0,1,0,0,0,0,1,0,0,0,0,1,0,0,0,0,0,0,0,0,0,1,0,0,0,0,1,0,0,1,0,1,0,0,0,0,1,0,0,0,1,0,1,0,0,0,1,0,0,1,1,0
6,932,1,3,39,2,1,0,0,1,0,1,0,0,1,0,0,133.14285714285714,23.3,36.348,0,1,0,0,0,0,0,0,1,0,0,0,0,0,0,0,0,1,0,0,0,0,0,1,0,0,0,1,0,0,1,0,0,1,0,0,0,1,0,0,0,0,1,0,1,0,0,1,0,0,1,0,1,0
18,3104,3,1,31,1,1,0,0,1,0,0,1,0,0,1,0,163.3684210526316,97.0,96.224,1,0,0,0,1,0,0,0,0,0,0,0,0,0,0,0,0,0,1,1,0,0,0,0,0,0,0,1,0,0,0,1,0,1,0,0,0,1,0,0,1,0,0,0,1,0,0,0,1,0,0,1,1,0
36,3913,2,2,23,1,1,0,1,0,0,0,1,0,0,0,1,105.75675675675676,163.04166666666666,89.999,0,0,1,0,0,0,1,0,0,0,0,0,0,1,0,0,0,0,0,1,0,0,0,0,0,0,1,0,0,0,0,1,0,1,0,0,1,0,0,0,0,0,1,0,1,0,0,0,1,0,0,1,1,0
24,3021,2,2,24,1,1,0,1,0,0,0,1,0,0,1,0,120.84,120.84,72.504,1,0,0,0,0,0,1,0,0,0,0,0,1,0,0,0,0,0,0,1,0,0,0,0,0,0,1,0,0,1,0,0,0,1,0,0,1,0,0,0,0,0,1,1,0,0,0,1,0,0,1,0,1,0
10,1364,2,4,64,1,1,0,0,0,1,1,0,0,1,0,0,124.0,20.984615384615385,87.296,0,0,0,1,0,0,1,0,0,1,0,0,0,0,0,0,0,0,0,1,0,0,0,0,0,0,1,0,0,0,1,0,0,1,0,0,0,0,1,0,0,0,1,0,1,0,0,0,1,0,0,1,1,0
12,625,4,1,26,1,1,0,0,1,0,1,0,0,1,0,0,48.07692307692308,23.14814814814815,16.25,0,1,0,0,0,0,1,0,0,0,0,0,0,1,0,0,0,0,0,1,0,0,0,0,0,1,0,0,0,0,0,0,1,0,0,1,1,0,0,0,1,0,0,0,1,0,0,1,0,0,1,0,1,0
12,1200,4,4,23,1,1,0,1,0,0,1,0,0,1,0,0,92.3076923076923,50.0,27.6,1,0,0,0,0,0,1,0,0,0,0,0,0,0,0,0,1,0,0,0,0,0,0,1,0,0,1,0,0,0,1,0,0,1,0,0,0,1,0,0,1,0,0,1,0,0,0,0,1,0,0,1,1,0
12,707,4,2,30,2,1,0,0,1,0,1,0,0,1,0,0,54.38461538461539,22.806451612903224,21.21,0,0,0,1,0,0,1,0,0,0,0,0,0,1,0,0,0,0,0,1,0,0,0,0,0,0,1,0,0,0,0,1,0,1,0,0,1,0,0,0,1,0,0,0,1,0,0,0,1,0,1,0,1,0
24,2978,4,4,32,2,2,0,0,1,0,0,1,0,0,1,0,119.12,90.24242424242425,95.296,0,0,0,1,0,0,0,1,0,0,0,0,0,0,0,0,0,0,1,0,0,0,0,1,0,0,1,0,0,0,0,1,0,1,0,0,1,0,0,0,0,0,1,0,1,0,0,0,1,0,0,1,1,0
15,4657,3,2,30,1,1,0,0,1,0,0,1,0,0,1,0,291.0625,150.2258064516129,139.71,0,0,0,1,0,0,1,0,0,0,1,0,0,0,0,0,0,0,0,1,0,0,0,0,0,0,1,0,0,0,0,1,0,1,0,0,0,0,1,0,0,0,1,0,1,0,0,0,1,0,0,1,1,0
36,2613,4,2,27,2,1,0,0,1,0,0,1,0,0,0,1,70.62162162162163,93.32142857142857,70.551,0,0,0,1,1,0,0,0,0,0,0,0,0,0,0,1,0,0,0,1,0,0,0,0,0,0,1,0,0,0,0,1,0,1,0,0,0,0,1,0,0,0,1,0,1,0,0,0,1,0,1,0,1,0
48,10961,1,2,27,2,1,1,0,1,0,0,0,1,0,0,1,223.69387755102042,391.4642857142857,295.947,0,1,0,0,0,0,1,0,0,0,0,0,0,1,0,0,0,0,0,0,0,0,1,0,0,0,0,1,0,0,0,1,0,0,1,0,0,0,0,1,1,0,0,0,1,0,0,0,1,0,0,1,1,0
12,7865,4,4,53,1,1,1,0,1,0,0,0,1,1,0,0,605.0,145.64814814814815,416.845,1,0,0,0,0,0,1,0,0,0,0,0,1,0,0,0,0,0,0,1,0,0,0,0,0,0,0,0,1,0,0,1,0,1,0,0,0,0,0,1,0,0,1,0,0,1,0,0,0,1,0,1,1,0
9,1478,4,2,22,1,1,1,1,0,0,1,0,0,1,0,0,147.8,64.26086956521739,32.516,0,0,0,1,0,0,1,0,0,0,0,0,0,1,0,0,0,0,0,1,0,0,0,0,0,0,0,1,0,0,0,1,0,1,0,0,0,0,1,0,0,0,1,0,1,0,0,0,1,0,1,0,1,0
24,3149,4,1,22,1,1,0,1,0,0,0,1,0,0,1,0,125.96,136.91304347826087,69.278,1,0,0,0,0,0,1,0,0,0,0,0,1,0,0,0,0,0,0,1,0,0,0,0,0,1,0,0,0,0,0,1,0,1,0,0,0,0,0,1,1,0,0,0,0,1,0,0,1,0,1,0,1,0
36,4210,4,2,26,1,1,1,0,1,0,0,1,0,0,0,1,113.78378378378379,155.92592592592592,109.46,0,0,1,0,0,0,1,0,0,0,0,0,0,1,0,0,0,0,0,1,0,0,0,0,0,0,1,0,0,0,0,1,0,1,0,0,0,0,1,0,0,0,1,0,1,0,0,0,1,0,1,0,1,0
9,2507,2,4,51,1,1,0,0,1,0,0,1,0,1,0,0,250.7,48.21153846153846,127.857,0,0,0,1,0,0,1,0,0,1,0,0,0,0,0,0,0,0,0,0,0,1,0,0,0,0,0,0,1,0,0,1,0,1,0,0,0,0,0,1,0,0,1,0,0,1,0,1,0,0,1,0,1,0
12,2141,3,1,35,1,1,0,0,1,0,1,0,0,1,0,0,164.69230769230768,59.47222222222222,74.935,0,0,0,1,0,0,1,0,0,0,0,0,0,1,0,0,0,0,0,0,1,0,0,0,0,0,0,1,0,0,0,1,0,1,0,0,0,0,0,1,0,0,1,0,1,0,0,0,1,0,1,0,1,0
18,866,4,2,25,1,1,0,0,1,0,1,0,0,0,1,0,45.578947368421055,33.30769230769231,21.65,0,1,0,0,0,0,1,0,0,0,0,0,0,1,0,0,0,0,0,1,0,0,0,0,0,0,1,0,0,0,0,0,1,0,0,1,1,0,0,0,0,0,1,0,1,0,0,1,0,0,1,0,1,0
4,1544,2,1,42,3,2,0,0,1,0,1,0,0,1,0,0,308.8,35.906976744186046,64.848,0,0,0,1,0,0,0,0,1,0,0,0,0,1,0,0,0,0,0,1,0,0,0,0,0,0,0,1,0,0,0,1,0,1,0,0,1,0,0,0,0,0,1,0,1,0,0,1,0,0,1,0,1,0
24,1823,4,2,30,1,2,1,0,1,0,1,0,0,0,1,0,72.92,58.806451612903224,54.69,1,0,0,0,0,0,1,0,0,0,0,0,0,1,0,0,0,0,0,1,0,0,0,0,1,0,0,0,0,0,0,1,0,1,0,0,0,0,1,0,0,1,0,0,1,0,0,0,0,1,1,0,1,0
6,14555,1,2,23,1,1,1,1,0,0,0,0,1,1,0,0,2079.285714285714,606.4583333333334,334.765,0,1,0,0,0,0,1,0,0,1,0,0,0,0,0,0,0,0,0,0,0,0,0,1,1,0,0,0,0,0,0,1,0,1,0,0,0,1,0,0,0,0,1,0,1,0,1,0,0,0,0,1,1,0
21,2767,4,2,61,2,1,1,0,0,1,0,1,0,0,1,0,125.77272727272727,44.62903225806452,168.787,0,1,0,0,0,0,1,0,0,0,0,0,0,0,0,0,0,0,1,0,1,0,0,0,0,0,0,0,1,1,0,0,0,1,0,0,0,0,1,0,1,0,0,1,0,0,0,1,0,0,1,0,1,0
12,1291,4,2,35,2,1,0,0,1,0,1,0,0,1,0,0,99.3076923076923,35.861111111111114,45.185,0,0,0,1,0,0,0,0,1,0,0,0,0,1,0,0,0,0,0,1,0,0,0,0,0,0,1,0,0,0,1,0,0,1,0,0,0,1,0,0,0,0,1,0,1,0,0,0,1,0,1,0,1,0
30,2522,1,3,39,1,2,0,0,1,0,0,1,0,0,0,1,81.35483870967742,63.05,98.358,1,0,0,0,0,0,1,0,0,0,0,0,0,1,0,0,0,0,0,1,0,0,0,0,0,0,0,0,1,0,0,1,0,0,0,1,0,1,0,0,0,0,1,0,1,0,0,0,1,0,1,0,1,0
24,915,4,2,29,1,1,1,0,1,0,1,0,0,0,1,0,36.6,30.5,26.535,1,0,0,0,0,0,1,0,0,1,0,0,0,0,0,0,0,0,0,0,0,0,0,1,0,0,0,0,1,0,1,0,0,1,0,0,0,0,1,0,1,0,0,0,1,0,0,0,1,0,1,0,1,0
6,1595,3,2,51,1,2,0,0,1,0,1,0,0,1,0,0,227.85714285714286,30.673076923076923,81.345,0,0,0,1,0,0,1,0,0,0,0,0,0,1,0,0,0,0,0,1,0,0,0,0,0,0,0,1,0,0,0,1,0,1,0,0,0,1,0,0,0,0,1,0,1,0,0,0,1,0,1,0,1,0
48,4605,3,4,24,2,2,1,1,0,0,0,1,0,0,0,1,93.9795918367347,184.2,110.52,1,0,0,0,1,0,0,0,0,0,1,0,0,0,0,0,0,0,0,1,0,0,0,0,0,0,0,0,1,0,0,1,0,1,0,0,0,0,0,1,0,0,1,0,0,1,0,0,1,0,1,0,1,0
12,1185,3,2,27,2,1,0,0,1,0,1,0,0,1,0,0,91.15384615384616,42.32142857142857,31.995,0,0,0,1,0,0,0,0,1,0,0,0,0,0,0,0,0,0,1,1,0,0,0,0,0,0,1,0,0,0,1,0,0,1,0,0,1,0,0,0,0,0,1,0,1,0,0,0,1,0,1,0,1,0
12,3447,4,3,35,1,2,0,0,1,0,0,1,0,1,0,0,265.15384615384613,95.75,120.645,0,0,0,1,0,1,0,0,0,0,0,0,0,0,0,0,0,1,0,0,0,1,0,0,0,0,1,0,0,0,1,0,0,1,0,0,1,0,0,0,0,0,1,0,1,0,0,1,0,0,1,0,1,0
24,1258,4,1,25,1,1,0,0,1,0,1,0,0,0,1,0,50.32,48.38461538461539,31.45,0,0,0,1,0,0,1,0,0,0,0,0,0,0,0,0,0,0,1,1,0,0,0,0,0,0,0,1,0,0,0,1,0,1,0,0,1,0,0,0,0,0,1,0,1,0,0,0,1,0,0,1,1,0
12,717,4,4,52,3,1,0,0,1,0,1,0,0,1,0,0,55.15384615384615,13.528301886792454,37.284,0,0,0,1,0,0,0,0,1,0,0,0,0,1,0,0,0,0,0,1,0,0,0,0,0,0,0,0,1,0,0,1,0,1,0,0,1,0,0,0,0,0,1,0,1,0,0,0,1,0,1,0,1,0
6,1204,4,1,35,1,1,0,0,1,0,1,0,0,1,0,0,172.0,33.44444444444444,42.14,0,0,0,1,1,0,0,0,0,1,0,0,0,0,0,0,0,0,0,0,1,0,0,0,0,0,1,0,0,0,0,1,0,1,0,0,0,0,0,1,1,0,0,1,0,0,0,0,1,0,1,0,0,1
24,1925,2,2,26,1,1,0,0,1,0,1,0,0,0,1,0,77.0,71.29629629629629,50.05,0,0,1,0,0,0,1,0,0,0,0,0,1,0,0,0,0,0,0,1,0,0,0,0,0,0,1,0,0,0,0,1,0,1,0,0,1,0,0,0,0,0,1,0,1,0,0,0,1,0,1,0,1,0
18,433,3,4,22,1,1,1,1,0,0,1,0,0,0,1,0,22.789473684210527,18.82608695652174,9.526,0,0,0,1,0,0,1,0,0,0,0,0,0,1,0,0,0,0,0,1,0,0,0,0,1,0,0,0,0,0,1,0,0,0,1,0,1,0,0,0,0,0,1,1,0,0,0,0,1,0,1,0,1,0
6,666,3,4,39,2,1,0,0,1,0,1,0,0,1,0,0,95.14285714285714,16.65,25.974,1,0,0,0,0,0,0,0,1,1,0,0,0,0,0,0,0,0,0,0,0,0,1,0,0,0,0,1,0,0,1,0,0,1,0,0,1,0,0,0,0,0,1,0,1,0,0,1,0,0,0,1,1,0
12,2251,1,2,46,1,1,0,0,1,0,1,0,0,1,0,0,173.15384615384616,47.8936170212766,103.546,0,0,1,0,0,0,1,0,0,0,0,0,1,0,0,0,0,0,0,1,0,0,0,0,0,0,1,0,0,0,1,0,0,1,0,0,0,0,1,0,0,0,1,0,1,0,0,1,0,0,1,0,1,0
30,2150,4,2,24,1,1,1,1,0,0,1,0,0,0,0,1,69.35483870967742,86.0,51.6,0,1,0,0,0,0,1,0,0,1,0,0,0,0,0,0,0,0,0,1,0,0,0,0,0,0,1,0,0,0,1,0,0,0,0,1,0,0,0,1,1,0,0,0,1,0,0,0,1,0,1,0,1,0
24,4151,2,3,35,2,1,0,0,1,0,0,1,0,0,1,0,166.04,115.30555555555556,145.285,0,0,0,1,0,0,0,1,0,0,0,0,1,0,0,0,0,0,0,0,1,0,0,0,0,0,1,0,0,0,0,1,0,1,0,0,0,1,0,0,0,0,1,0,1,0,0,0,1,0,1,0,1,0
9,2030,2,1,24,1,1,0,1,0,0,1,0,0,1,0,0,203.0,81.2,48.72,0,1,0,0,0,0,1,0,0,0,0,0,1,0,0,0,0,0,0,0,0,0,0,1,0,0,0,1,0,0,0,1,0,1,0,0,0,0,1,0,0,0,1,0,1,0,0,0,1,0,0,1,1,0
60,7418,1,1,27,1,1,0,0,1,0,0,0,1,0,0,1,121.60655737704919,264.92857142857144,200.286,0,1,0,0,0,0,0,1,0,0,0,0,0,1,0,0,0,0,0,0,0,0,0,1,0,0,1,0,0,0,0,1,0,1,0,0,1,0,0,0,0,0,1,0,1,0,0,1,0,0,1,0,1,0
24,2684,4,2,35,2,1,0,0,1,0,0,1,0,0,1,0,107.36,74.55555555555556,93.94,0,0,0,1,0,0,0,0,1,0,0,0,0,1,0,0,0,0,0,1,0,0,0,0,0,0,1,0,0,0,0,1,0,1,0,0,1,0,0,0,0,0,1,0,1,0,0,1,0,0,1,0,1,0
12,2149,4,1,29,1,1,1,0,1,0,1,0,0,1,0,0,165.30769230769232,71.63333333333334,62.321,1,0,0,0,0,1,0,0,0,0,0,0,0,1,0,0,0,0,0,1,0,0,0,0,0,0,1,0,0,1,0,0,0,1,0,0,0,0,0,1,0,0,1,0,0,1,0,0,1,0,1,0,1,0
15,3812,1,4,23,1,1,0,1,0,0,0,1,0,0,1,0,238.25,158.83333333333334,87.676,0,0,0,1,0,0,1,0,0,0,1,0,0,0,0,0,0,0,0,0,1,0,0,0,0,1,0,0,0,0,1,0,0,1,0,0,0,0,1,0,0,0,1,0,1,0,0,0,1,0,0,1,1,0
11,1154,4,4,57,3,1,0,0,1,0,1,0,0,1,0,0,96.16666666666667,19.896551724137932,65.778,0,0,0,1,0,0,0,0,1,0,0,0,0,1,0,0,0,0,0,0,1,0,0,0,1,0,0,0,0,0,1,0,0,1,0,0,1,0,0,0,0,0,1,0,1,0,0,1,0,0,1,0,1,0
12,1657,2,2,27,1,1,0,0,1,0,1,0,0,1,0,0,127.46153846153847,59.17857142857143,44.739,1,0,0,0,0,0,1,0,0,0,0,0,1,0,0,0,0,0,0,1,0,0,0,0,0,0,1,0,0,0,0,1,0,1,0,0,1,0,0,0,0,0,1,0,1,0,0,0,1,0,1,0,1,0
24,1603,4,4,55,1,1,0,0,1,0,1,0,0,0,1,0,64.12,28.625,88.165,1,0,0,0,0,0,1,0,0,0,0,0,0,1,0,0,0,0,0,1,0,0,0,0,0,0,0,0,1,0,1,0,0,1,0,0,0,0,1,0,0,0,1,0,1,0,0,0,1,0,1,0,1,0
18,5302,2,4,36,3,1,0,0,1,0,0,0,1,0,1,0,279.05263157894734,143.2972972972973,190.872,1,0,0,0,0,0,0,0,1,1,0,0,0,0,0,0,0,0,0,1,0,0,0,0,0,0,0,0,1,0,0,1,0,1,0,0,0,0,0,1,0,0,1,0,0,1,0,0,0,1,0,1,1,0
12,2748,2,4,57,3,1,0,0,1,0,0,1,0,1,0,0,211.3846153846154,47.37931034482759,156.636,0,0,0,1,0,0,0,0,1,0,0,0,0,0,0,0,1,0,0,1,0,0,0,0,0,0,0,0,1,0,1,0,0,1,0,0,0,0,0,1,1,0,0,0,0,1,0,1,0,0,1,0,1,0
10,1231,3,4,32,2,2,0,0,1,0,1,0,0,1,0,0,111.9090909090909,37.303030303030305,39.392,0,0,0,1,0,0,0,0,1,1,0,0,0,0,0,0,0,0,0,1,0,0,0,0,0,0,0,0,1,0,0,1,0,1,0,0,1,0,0,0,0,0,1,0,1,0,0,1,0,0,1,0,0,1
15,802,4,3,37,1,2,1,0,1,0,1,0,0,0,1,0,50.125,21.105263157894736,29.674,0,1,0,0,0,0,1,0,0,0,0,0,0,1,0,0,0,0,0,1,0,0,0,0,0,0,0,0,1,0,0,1,0,1,0,0,0,0,1,0,0,0,1,0,1,0,0,0,1,0,1,0,1,0
36,6304,4,4,36,2,1,0,0,1,0,0,0,1,0,0,1,170.3783783783784,170.3783783783784,226.944,0,0,0,1,0,0,0,0,1,0,0,0,0,0,0,0,0,0,1,0,0,0,0,1,0,0,0,0,1,0,0,1,0,1,0,0,1,0,0,0,0,0,1,0,1,0,0,0,1,0,1,0,1,0
24,1533,4,3,38,1,1,0,0,1,0,1,0,0,0,1,0,61.32,39.30769230769231,58.254,0,0,0,1,0,0,1,0,0,0,0,0,0,1,0,0,0,0,0,1,0,0,0,0,0,1,0,0,0,0,1,0,0,1,0,0,0,0,1,0,0,1,0,0,1,0,0,0,1,0,0,1,1,0
14,8978,1,4,45,1,1,1,0,1,0,0,0,1,0,1,0,598.5333333333333,195.17391304347825,404.01,1,0,0,0,0,0,1,0,0,1,0,0,0,0,0,0,0,0,0,1,0,0,0,0,0,0,0,0,1,1,0,0,0,1,0,0,0,1,0,0,0,0,1,0,1,0,0,0,0,1,0,1,0,1
24,999,4,2,25,2,1,0,0,1,0,1,0,0,0,1,0,39.96,38.42307692307692,24.975,0,0,0,1,0,0,1,0,0,0,0,0,0,1,0,0,0,0,0,0,0,0,0,1,0,0,0,0,1,0,0,1,0,1,0,0,0,0,1,0,0,0,1,0,1,0,0,0,1,0,1,0,1,0
18,2662,4,3,32,1,1,0,0,1,0,0,1,0,0,1,0,140.10526315789474,80.66666666666667,85.184,0,0,0,1,0,0,1,0,0,1,0,0,0,0,0,0,0,0,0,0,0,0,0,1,0,0,0,1,0,0,0,1,0,1,0,0,0,1,0,0,0,0,1,0,1,0,0,0,1,0,1,0,0,1
12,1402,3,4,37,1,1,0,0,1,0,1,0,0,1,0,0,107.84615384615384,36.89473684210526,51.874,0,0,0,1,0,0,0,0,1,0,0,0,1,0,0,0,0,0,0,0,0,1,0,0,0,0,0,1,0,0,1,0,0,1,0,0,0,0,1,0,0,0,1,1,0,0,0,0,1,0,0,1,1,0
48,12169,4,4,36,1,1,0,0,1,0,0,0,1,0,0,1,248.3469387755102,328.8918918918919,438.084,0,1,0,0,0,1,0,0,0,1,0,0,0,0,0,0,0,0,0,0,0,0,0,1,1,0,0,0,0,0,0,1,0,0,1,0,0,0,0,1,0,0,1,0,0,1,0,0,0,1,0,1,1,0
48,3060,4,4,28,2,1,1,0,1,0,0,1,0,0,0,1,62.44897959183673,105.51724137931035,85.68,0,1,0,0,0,0,1,0,0,0,0,0,0,1,0,0,0,0,0,1,0,0,0,0,0,0,0,1,0,0,0,1,0,1,0,0,1,0,0,0,0,0,1,0,1,0,0,0,1,0,1,0,1,0
30,11998,1,1,34,1,1,1,0,1,0,0,0,1,0,0,1,387.03225806451616,342.8,407.932,1,0,0,0,0,0,1,0,0,0,0,0,0,0,0,1,0,0,0,1,0,0,0,0,0,1,0,0,0,1,0,0,0,1,0,0,0,0,0,1,0,0,1,0,1,0,0,1,0,0,0,1,1,0
9,2697,1,2,32,1,2,0,0,1,0,0,1,0,1,0,0,269.7,81.72727272727273,86.304,0,0,0,1,0,0,1,0,0,0,0,0,0,1,0,0,0,0,0,1,0,0,0,0,0,0,1,0,0,0,0,1,0,1,0,0,1,0,0,0,0,0,1,0,1,0,0,0,1,0,1,0,1,0
18,2404,2,2,26,2,1,0,0,1,0,1,0,0,0,1,0,126.52631578947368,89.03703703703704,62.504,0,0,0,1,0,0,0,0,1,0,0,0,0,1,0,0,0,0,0,1,0,0,0,0,0,0,1,0,0,0,1,0,0,1,0,0,0,0,1,0,0,0,1,0,1,0,0,0,1,0,1,0,1,0
12,1262,2,4,49,1,1,0,0,1,0,1,0,0,1,0,0,97.07692307692308,25.24,61.838,1,0,0,0,0,0,1,0,0,0,0,0,1,0,0,0,0,0,0,0,0,0,0,1,0,0,0,0,1,1,0,0,0,1,0,0,0,1,0,0,0,0,1,0,1,0,0,1,0,0,0,1,1,0
6,4611,1,4,32,1,1,1,0,1,0,0,1,0,1,0,0,658.7142857142857,139.72727272727272,147.552,0,0,0,1,0,0,1,0,0,0,0,0,1,0,0,0,0,0,0,1,0,0,0,0,0,1,0,0,0,0,1,0,0,1,0,0,0,1,0,0,0,0,1,0,1,0,0,0,1,0,1,0,1,0
24,1901,4,4,29,1,1,0,0,1,0,1,0,0,0,1,0,76.04,63.36666666666667,55.129,0,0,0,1,0,0,1,0,0,0,0,0,0,1,0,0,0,0,0,0,1,0,0,0,0,0,1,0,0,0,0,1,0,1,0,0,0,0,1,0,0,0,1,1,0,0,0,0,0,1,0,1,1,0
15,3368,3,4,23,2,1,0,1,0,0,0,1,0,0,1,0,210.5,140.33333333333334,77.464,0,0,0,1,0,0,0,0,1,0,1,0,0,0,0,0,0,0,0,0,0,0,1,0,0,0,0,0,1,0,0,1,0,1,0,0,0,0,0,1,0,0,1,1,0,0,0,0,1,0,0,1,1,0
12,1574,4,2,50,1,1,0,0,1,0,1,0,0,1,0,0,121.07692307692308,30.862745098039216,78.7,0,0,0,1,0,0,1,0,0,0,0,0,1,0,0,0,0,0,0,1,0,0,0,0,0,0,1,0,0,0,0,1,0,1,0,0,1,0,0,0,0,0,1,0,1,0,0,0,1,0,1,0,1,0
18,1445,4,4,49,1,1,0,0,1,0,1,0,0,0,1,0,76.05263157894737,28.9,70.805,0,0,1,0,0,1,0,0,0,0,0,0,0,1,0,0,0,0,0,0,0,0,0,1,0,0,0,1,0,0,0,1,0,1,0,0,0,0,1,0,1,0,0,0,1,0,0,1,0,0,1,0,1,0
15,1520,4,4,63,1,1,0,0,0,1,1,0,0,0,1,0,95.0,23.75,95.76,0,0,0,1,0,0,0,0,1,0,0,0,1,0,0,0,0,0,0,0,0,0,0,1,0,0,0,0,1,0,0,1,0,1,0,0,0,1,0,0,0,0,1,0,1,0,0,0,1,0,1,0,1,0
24,3878,4,2,37,1,1,0,0,1,0,0,1,0,0,1,0,155.12,102.05263157894737,143.486,0,1,0,0,0,0,0,0,1,1,0,0,0,0,0,0,0,0,0,0,1,0,0,0,0,1,0,0,0,1,0,0,0,1,0,0,0,0,1,0,0,0,1,0,1,0,0,0,1,0,0,1,1,0
47,10722,1,1,35,1,1,0,0,1,0,0,0,1,0,0,1,223.375,297.8333333333333,375.27,1,0,0,0,0,0,1,0,0,1,0,0,0,0,0,0,0,0,0,1,0,0,0,0,0,1,0,0,0,0,1,0,0,1,0,0,1,0,0,0,0,0,1,0,1,0,0,1,0,0,0,1,1,0
48,4788,4,3,26,1,2,0,0,1,0,0,1,0,0,0,1,97.71428571428571,177.33333333333334,124.488,1,0,0,0,0,0,1,0,0,0,1,0,0,0,0,0,0,0,0,1,0,0,0,0,0,0,0,1,0,0,0,1,0,1,0,0,0,1,0,0,0,0,1,0,1,0,0,0,1,0,1,0,1,0
48,7582,2,4,31,1,1,0,0,1,0,0,0,1,0,0,1,154.73469387755102,236.9375,235.042,0,1,0,0,0,0,0,1,0,0,0,1,0,0,0,0,0,0,0,0,1,0,0,0,1,0,0,0,0,0,0,1,0,1,0,0,0,0,0,1,0,0,1,0,0,1,0,0,0,1,0,1,1,0
12,1092,4,4,49,2,1,0,0,1,0,1,0,0,1,0,0,84.0,21.84,53.508,0,1,0,0,0,0,1,0,0,0,0,0,0,1,0,0,0,0,0,1,0,0,0,0,0,0,1,0,0,0,1,0,0,0,0,1,1,0,0,0,0,0,1,0,1,0,0,0,1,0,0,1,1,0
24,1024,4,4,48,1,1,1,0,1,0,1,0,0,0,1,0,40.96,20.897959183673468,49.152,1,0,0,0,0,0,0,1,0,0,0,0,0,1,0,0,0,0,0,1,0,0,0,0,0,1,0,0,0,0,0,0,1,1,0,0,1,0,0,0,0,1,0,0,1,0,0,0,1,0,1,0,1,0
12,1076,2,2,26,1,1,0,0,1,0,1,0,0,1,0,0,82.76923076923077,39.851851851851855,27.976,0,0,0,1,0,0,1,0,0,0,0,0,0,0,0,0,0,0,1,1,0,0,0,0,0,0,1,0,0,0,0,0,1,1,0,0,1,0,0,0,0,0,1,0,1,0,0,0,1,0,0,1,0,1
36,9398,1,4,28,1,1,1,0,1,0,0,0,1,0,0,1,254.0,324.0689655172414,263.144,0,1,0,0,0,0,1,0,0,0,1,0,0,0,0,0,0,0,0,1,0,0,0,0,0,1,0,0,0,0,0,0,1,1,0,0,0,0,1,0,0,0,1,1,0,0,0,0,0,1,0,1,1,0
24,6419,2,4,44,2,2,0,0,1,0,0,0,1,0,1,0,256.76,142.64444444444445,282.436,1,0,0,0,0,0,0,0,1,0,1,0,0,0,0,0,0,0,0,1,0,0,0,0,0,0,0,0,1,0,1,0,0,1,0,0,0,0,0,1,0,0,1,0,0,1,0,0,0,1,0,1,1,0
42,4796,4,4,56,1,1,0,0,1,0,0,1,0,0,0,1,111.53488372093024,84.14035087719299,268.576,0,0,1,0,0,0,0,0,1,0,1,0,0,0,0,0,0,0,0,1,0,0,0,0,0,0,0,0,1,0,0,1,0,1,0,0,0,0,0,1,0,0,1,0,0,1,0,0,1,0,1,0,1,0
48,7629,4,2,46,2,2,0,0,1,0,0,0,1,0,0,1,155.69387755102042,162.31914893617022,350.934,0,0,0,1,0,0,0,0,1,0,0,0,0,0,0,0,0,0,1,0,0,0,0,1,0,0,0,0,1,1,0,0,0,1,0,0,0,0,1,0,1,0,0,0,1,0,0,0,0,1,1,0,1,0
48,9960,1,2,26,1,1,1,0,1,0,0,0,1,0,0,1,203.26530612244898,368.8888888888889,258.96,0,1,0,0,0,0,1,0,0,0,0,0,1,0,0,0,0,0,0,1,0,0,0,0,0,1,0,0,0,0,1,0,0,1,0,0,0,0,1,0,0,0,1,0,1,0,0,0,1,0,0,1,1,0
12,4675,1,4,20,1,1,0,1,0,0,0,1,0,1,0,0,359.61538461538464,222.61904761904762,93.5,0,0,0,1,0,0,1,0,0,0,1,0,0,0,0,0,0,0,0,0,0,0,0,1,0,1,0,0,0,0,1,0,0,1,0,0,0,0,1,0,0,0,1,1,0,0,0,0,1,0,1,0,1,0
10,1287,4,2,45,1,1,0,0,1,0,1,0,0,1,0,0,117.0,27.97826086956522,57.915,0,0,0,1,0,0,1,0,0,1,0,0,0,0,0,0,0,0,0,0,0,0,0,1,0,0,0,0,1,0,0,1,0,0,1,0,0,1,0,0,0,0,1,0,1,0,0,1,0,0,1,0,0,1
18,2515,3,4,43,1,1,0,0,1,0,0,1,0,0,1,0,132.3684210526316,57.15909090909091,108.145,0,0,0,1,0,0,1,0,0,0,0,0,1,0,0,0,0,0,0,1,0,0,0,0,0,0,1,0,0,0,0,1,0,1,0,0,1,0,0,0,0,0,1,0,1,0,0,0,1,0,0,1,1,0
21,2745,3,2,32,2,1,0,0,1,0,0,1,0,0,1,0,124.77272727272727,83.18181818181819,87.84,0,1,0,0,0,0,0,0,1,0,0,0,1,0,0,0,0,0,0,0,0,0,1,0,0,0,0,1,0,0,0,1,0,1,0,0,0,0,1,0,0,0,1,0,1,0,0,0,1,0,0,1,1,0
6,672,1,4,54,1,1,0,0,1,0,1,0,0,1,0,0,96.0,12.218181818181819,36.288,0,0,0,1,0,0,1,0,0,1,0,0,0,0,0,0,0,0,0,1,0,0,0,0,1,0,0,0,0,0,1,0,0,1,0,0,1,0,0,0,0,0,1,0,1,0,1,0,0,0,0,1,1,0
36,3804,4,1,42,1,1,1,0,1,0,0,1,0,0,0,1,102.8108108108108,88.46511627906976,159.768,0,1,0,0,1,0,0,0,0,0,0,0,0,1,0,0,0,0,0,1,0,0,0,0,0,0,1,0,0,0,1,0,0,1,0,0,0,0,1,0,0,0,1,0,1,0,0,0,1,0,0,1,1,0
24,1344,4,2,37,2,2,1,0,1,0,1,0,0,0,1,0,53.76,35.36842105263158,49.728,0,0,1,0,0,0,0,0,1,1,0,0,0,0,0,0,0,0,0,0,0,0,0,1,0,0,0,1,0,0,0,1,0,1,0,0,1,0,0,0,1,0,0,0,1,0,0,1,0,0,1,0,1,0
10,1038,4,3,49,2,1,0,0,1,0,1,0,0,1,0,0,94.36363636363636,20.76,50.862,1,0,0,0,0,0,0,0,1,1,0,0,0,0,0,0,0,0,0,1,0,0,0,0,0,0,0,1,0,0,0,1,0,0,1,0,0,1,0,0,0,0,1,0,1,0,0,0,1,0,0,1,1,0
48,10127,2,2,44,1,1,1,0,1,0,0,0,1,0,0,1,206.6734693877551,225.04444444444445,445.588,0,0,0,1,0,0,0,0,1,1,0,0,0,0,0,0,0,0,0,0,0,1,0,0,0,0,1,0,0,0,0,1,0,1,0,0,0,0,0,1,1,0,0,0,0,1,0,0,1,0,1,0,1,0
6,1543,4,2,33,1,1,0,0,1,0,1,0,0,1,0,0,220.42857142857142,45.38235294117647,50.919,0,0,0,1,0,0,1,0,0,0,0,0,1,0,0,0,0,0,0,0,0,0,1,0,0,0,1,0,0,1,0,0,0,1,0,0,1,0,0,0,0,0,1,0,1,0,0,0,1,0,1,0,1,0
30,4811,2,4,24,1,1,0,1,0,0,0,1,0,0,0,1,155.19354838709677,192.44,115.464,0,0,0,1,0,0,1,0,0,0,1,0,0,0,0,0,0,0,0,0,0,0,0,1,0,0,0,1,0,0,1,0,0,1,0,0,0,1,0,0,0,1,0,1,0,0,0,1,0,0,1,0,1,0
12,727,4,3,33,1,1,1,0,1,0,1,0,0,1,0,0,55.92307692307692,21.38235294117647,23.991,1,0,0,0,0,0,1,0,0,0,0,0,0,1,0,0,0,0,0,0,1,0,0,0,0,1,0,0,0,0,0,0,1,1,0,0,0,0,0,1,0,0,1,0,1,0,0,1,0,0,0,1,1,0
8,1237,3,4,24,1,1,1,1,0,0,1,0,0,1,0,0,137.44444444444446,49.48,29.688,0,1,0,0,0,0,1,0,0,0,0,0,1,0,0,0,0,0,0,1,0,0,0,0,0,0,1,0,0,0,1,0,0,1,0,0,1,0,0,0,0,0,1,0,1,0,0,0,1,0,1,0,1,0
9,276,4,4,22,1,1,0,1,0,0,1,0,0,1,0,0,27.6,12.0,6.072,0,1,0,0,0,0,1,0,0,1,0,0,0,0,0,0,0,0,0,1,0,0,0,0,0,0,1,0,0,0,0,0,1,1,0,0,1,0,0,0,0,0,1,1,0,0,0,1,0,0,1,0,1,0
48,5381,3,4,40,1,1,0,0,1,0,0,0,1,0,0,1,109.81632653061224,131.2439024390244,215.24,0,1,0,0,0,0,1,0,0,0,0,1,0,0,0,0,0,0,0,0,0,0,0,1,1,0,0,0,0,0,0,1,0,1,0,0,0,0,0,1,1,0,0,0,0,1,1,0,0,0,0,1,1,0
24,5511,4,1,25,1,1,0,0,1,0,0,0,1,0,1,0,220.44,211.96153846153845,137.775,0,0,0,1,0,0,1,0,0,0,0,0,1,0,0,0,0,0,0,0,1,0,0,0,0,0,1,0,0,0,0,1,0,1,0,0,0,0,1,0,0,1,0,0,1,0,0,0,1,0,1,0,1,0
24,3749,2,4,26,1,1,0,0,1,0,0,1,0,0,1,0,149.96,138.85185185185185,97.474,0,0,1,0,0,0,1,0,0,0,0,0,1,0,0,0,0,0,0,1,0,0,0,0,0,1,0,0,0,0,1,0,0,1,0,0,0,0,1,0,0,0,1,0,1,0,0,0,1,0,1,0,1,0
12,685,2,3,25,1,1,1,0,1,0,1,0,0,1,0,0,52.69230769230769,26.346153846153847,17.125,0,1,0,0,0,0,1,0,0,1,0,0,0,0,0,0,0,0,0,1,0,0,0,0,0,0,0,1,0,0,0,0,1,1,0,0,0,0,1,0,1,0,0,0,1,0,0,1,0,0,1,0,1,0
4,1494,1,2,29,1,2,0,0,1,0,1,0,0,1,0,0,298.8,49.8,43.326,0,0,1,0,0,0,1,0,0,1,0,0,0,0,0,0,0,0,0,0,0,0,0,1,0,1,0,0,0,0,0,1,0,1,0,0,1,0,0,0,0,0,1,0,1,0,0,1,0,0,1,0,0,1
36,2746,4,4,31,1,1,1,0,1,0,0,1,0,0,0,1,74.21621621621621,85.8125,85.126,1,0,0,0,0,1,0,0,0,0,0,0,1,0,0,0,0,0,0,1,0,0,0,0,0,0,0,0,1,0,0,1,0,1,0,0,0,0,1,0,1,0,0,0,1,0,0,0,1,0,1,0,1,0
12,708,2,3,38,1,2,0,0,1,0,1,0,0,1,0,0,54.46153846153846,18.153846153846153,26.904,1,0,0,0,0,0,1,0,0,0,0,0,1,0,0,0,0,0,0,1,0,0,0,0,0,0,1,0,0,0,0,1,0,0,0,1,0,1,0,0,0,0,1,0,1,0,0,1,0,0,1,0,1,0
24,4351,1,4,48,1,1,0,0,1,0,0,1,0,0,1,0,174.04,88.79591836734694,208.848,0,1,0,0,0,0,1,0,0,0,0,0,1,0,0,0,0,0,0,0,0,0,0,1,0,0,1,0,0,0,1,0,0,1,0,0,0,1,0,0,0,0,1,0,1,0,0,1,0,0,0,1,1,0
12,701,4,2,32,2,1,0,0,1,0,1,0,0,1,0,0,53.92307692307692,21.242424242424242,22.432,0,0,0,1,0,0,0,0,1,0,0,0,0,0,0,0,1,0,0,1,0,0,0,0,0,0,1,0,0,0,0,1,0,1,0,0,0,0,1,0,0,0,1,0,1,0,0,0,1,0,1,0,1,0
15,3643,1,4,27,2,1,0,0,1,0,0,1,0,0,1,0,227.6875,130.10714285714286,98.361,1,0,0,0,0,0,0,1,0,0,0,0,1,0,0,0,0,0,0,1,0,0,0,0,0,0,0,0,1,0,1,0,0,1,0,0,0,1,0,0,0,0,1,0,1,0,0,1,0,0,1,0,1,0
30,4249,4,2,28,2,1,1,0,1,0,0,1,0,0,0,1,137.06451612903226,146.51724137931035,118.972,0,1,0,0,0,0,0,0,1,1,0,0,0,0,0,0,0,0,0,1,0,0,0,0,1,0,0,0,0,0,0,0,1,1,0,0,0,0,1,0,0,0,1,0,1,0,0,0,0,1,1,0,1,0
24,1938,4,3,32,1,1,1,0,1,0,1,0,0,0,1,0,77.52,58.72727272727273,62.016,1,0,0,0,0,0,1,0,0,0,0,0,0,1,0,0,0,0,0,1,0,0,0,0,0,1,0,0,0,1,0,0,0,1,0,0,0,1,0,0,0,0,1,0,1,0,0,0,1,0,1,0,1,0
24,2910,2,1,34,1,1,0,0,1,0,0,1,0,0,1,0,116.4,83.14285714285714,98.94,1,0,0,0,0,0,1,0,0,0,1,0,0,0,0,0,0,0,0,1,0,0,0,0,0,0,0,1,0,0,0,1,0,1,0,0,0,0,0,1,0,0,1,0,0,1,0,0,0,1,0,1,1,0
18,2659,4,2,28,1,1,0,0,1,0,0,1,0,0,1,0,139.94736842105263,91.6896551724138,74.452,1,0,0,0,0,0,1,0,0,0,0,0,1,0,0,0,0,0,0,0,0,0,1,0,0,0,1,0,0,0,0,1,0,1,0,0,0,0,1,0,0,0,1,0,1,0,0,0,1,0,1,0,1,0
18,1028,4,3,36,2,1,0,0,1,0,1,0,0,0,1,0,54.10526315789474,27.783783783783782,37.008,0,0,0,1,0,0,0,0,1,1,0,0,0,0,0,0,0,0,0,1,0,0,0,0,0,0,1,0,0,0,1,0,0,1,0,0,1,0,0,0,0,0,1,0,1,0,0,0,1,0,1,0,1,0
8,3398,1,4,39,2,1,0,0,1,0,0,1,0,1,0,0,377.55555555555554,84.95,132.522,1,0,0,0,0,0,0,0,1,1,0,0,0,0,0,0,0,0,0,1,0,0,0,0,0,0,0,1,0,0,0,1,0,1,0,0,1,0,0,0,0,0,1,0,1,0,0,1,0,0,1,0,0,1
12,5801,2,4,49,1,1,0,0,1,0,0,0,1,1,0,0,446.2307692307692,116.02,284.249,0,0,0,1,0,0,0,0,1,0,0,0,1,0,0,0,0,0,0,0,0,0,0,1,0,0,0,0,1,0,0,1,0,1,0,0,0,1,0,0,0,0,1,1,0,0,0,0,1,0,0,1,1,0
24,1525,4,3,34,1,2,0,0,1,0,1,0,0,0,1,0,61.0,43.57142857142857,51.85,0,0,0,1,0,0,1,0,0,1,0,0,0,0,0,0,0,0,0,0,0,0,1,0,0,0,0,1,0,0,1,0,0,1,0,0,0,0,1,0,0,0,1,0,1,0,0,0,1,0,0,1,1,0
36,4473,4,2,31,1,1,0,0,1,0,0,1,0,0,0,1,120.89189189189189,139.78125,138.663,0,0,1,0,0,0,1,0,0,0,0,0,0,1,0,0,0,0,0,1,0,0,0,0,0,0,0,0,1,0,0,1,0,1,0,0,0,0,1,0,0,0,1,0,1,0,0,0,1,0,1,0,1,0
6,1068,4,4,28,1,2,0,0,1,0,1,0,0,1,0,0,152.57142857142858,36.827586206896555,29.904,0,1,0,0,0,0,1,0,0,0,0,0,0,1,0,0,0,0,0,1,0,0,0,0,0,0,0,0,1,0,0,1,0,1,0,0,0,0,1,0,0,0,1,0,1,0,0,0,1,0,1,0,1,0
24,6615,2,4,75,2,1,0,0,0,1,0,0,1,0,1,0,264.6,87.03947368421052,496.125,1,0,0,0,0,0,0,0,1,0,1,0,0,0,0,0,0,0,0,1,0,0,0,0,1,0,0,0,0,0,0,1,0,1,0,0,0,0,0,1,0,0,1,0,0,1,0,0,0,1,0,1,1,0
18,1864,4,2,30,2,1,1,0,1,0,1,0,0,0,1,0,98.10526315789474,60.12903225806452,55.92,0,0,0,1,0,0,0,0,1,0,0,0,0,0,0,0,1,0,0,0,1,0,0,0,0,0,1,0,0,0,1,0,0,1,0,0,1,0,0,0,0,0,1,0,1,0,0,0,1,0,1,0,1,0
60,7408,4,2,24,1,1,1,1,0,0,0,0,1,0,0,1,121.44262295081967,296.32,177.792,0,1,0,0,0,0,1,0,0,1,0,0,0,0,0,0,0,0,0,0,1,0,0,0,0,1,0,0,0,0,1,0,0,1,0,0,0,1,0,0,0,0,1,0,1,0,0,0,0,1,1,0,1,0
48,11590,2,4,24,2,1,1,1,0,0,0,0,1,0,0,1,236.53061224489795,463.6,278.16,0,0,0,1,0,0,0,0,1,0,1,0,0,0,0,0,0,0,0,0,1,0,0,0,0,0,1,0,0,0,1,0,0,1,0,0,0,0,1,0,1,0,0,1,0,0,0,1,0,0,1,0,1,0
24,4110,3,4,23,2,2,1,1,0,0,0,1,0,0,1,0,164.4,171.25,94.53,1,0,0,0,1,0,0,0,0,0,0,0,1,0,0,0,0,0,0,1,0,0,0,0,0,0,0,0,1,0,0,1,0,1,0,0,0,0,0,1,1,0,0,1,0,0,0,0,1,0,1,0,1,0
6,3384,1,4,44,1,1,1,0,1,0,0,1,0,1,0,0,483.42857142857144,75.2,148.896,1,0,0,0,0,0,0,0,1,0,0,0,1,0,0,0,0,0,0,1,0,0,0,0,0,0,1,0,0,1,0,0,0,1,0,0,1,0,0,0,0,0,1,1,0,0,0,0,0,1,0,1,1,0
13,2101,2,4,23,1,1,0,1,0,0,1,0,0,0,1,0,150.07142857142858,87.54166666666667,48.323,0,1,0,0,0,0,1,0,0,0,0,0,0,1,0,0,0,0,0,1,0,0,0,0,0,1,0,0,0,0,1,0,0,0,0,1,0,1,0,0,0,0,1,0,1,0,0,1,0,0,1,0,1,0
15,1275,4,2,24,1,1,1,1,0,0,1,0,0,0,1,0,79.6875,51.0,30.6,1,0,0,0,0,0,1,0,0,0,0,0,0,0,1,0,0,0,0,0,0,0,0,1,0,0,1,0,0,0,1,0,0,1,0,0,0,0,1,0,0,0,1,1,0,0,0,0,1,0,1,0,1,0
24,4169,4,4,28,1,1,0,0,1,0,0,1,0,0,1,0,166.76,143.75862068965517,116.732,1,0,0,0,0,0,1,0,0,0,0,0,1,0,0,0,0,0,0,1,0,0,0,0,0,0,1,0,0,0,0,1,0,1,0,0,0,1,0,0,0,0,1,0,1,0,0,0,1,0,1,0,1,0
10,1521,4,2,31,1,1,0,0,1,0,1,0,0,1,0,0,138.27272727272728,47.53125,47.151,0,1,0,0,0,0,1,0,0,0,0,0,1,0,0,0,0,0,0,1,0,0,0,0,0,0,1,0,0,1,0,0,0,1,0,0,0,0,1,0,0,0,1,0,1,0,0,1,0,0,1,0,1,0
24,5743,2,4,24,2,1,0,1,0,0,0,0,1,0,1,0,229.72,229.72,137.832,0,1,0,0,0,0,0,0,1,0,0,0,0,0,0,0,1,0,0,1,0,0,0,0,0,1,0,0,0,0,1,0,0,1,0,0,0,0,0,1,0,0,1,0,0,1,0,0,1,0,0,1,1,0
21,3599,1,4,26,1,1,0,0,1,0,0,1,0,0,1,0,163.5909090909091,133.2962962962963,93.574,1,0,0,0,0,0,1,0,0,0,0,0,1,0,0,0,0,0,0,1,0,0,0,0,0,0,0,1,0,0,1,0,0,1,0,0,0,0,1,0,0,0,1,1,0,0,0,1,0,0,1,0,1,0
18,3213,1,3,25,1,1,0,0,1,0,0,1,0,0,1,0,169.10526315789474,123.57692307692308,80.325,0,1,0,0,0,0,1,0,0,0,0,0,0,1,0,0,0,0,0,0,0,1,0,0,0,1,0,0,0,0,0,0,1,1,0,0,1,0,0,0,0,0,1,1,0,0,0,0,1,0,1,0,1,0
18,4439,1,1,33,1,1,0,0,1,0,0,1,0,0,1,0,233.6315789473684,130.55882352941177,146.487,0,1,0,0,0,0,1,0,0,0,0,0,0,0,0,0,0,0,1,1,0,0,0,0,0,0,0,0,1,0,0,1,0,0,1,0,1,0,0,0,1,0,0,0,1,0,0,0,0,1,0,1,1,0
10,3949,1,1,37,1,2,0,0,1,0,0,1,0,1,0,0,359.0,103.92105263157895,146.113,0,0,1,0,0,0,1,0,0,1,0,0,0,0,0,0,0,0,0,1,0,0,0,0,0,1,0,0,0,0,0,1,0,0,0,1,0,1,0,0,0,0,1,0,1,0,0,1,0,0,1,0,1,0
15,1459,4,2,43,1,1,0,0,1,0,1,0,0,0,1,0,91.1875,33.15909090909091,62.737,0,0,0,1,0,0,0,0,1,0,0,0,0,1,0,0,0,0,0,1,0,0,0,0,0,0,1,0,0,0,1,0,0,1,0,0,0,0,1,0,0,0,1,0,1,0,0,1,0,0,1,0,1,0
13,882,4,4,23,2,1,0,1,0,0,1,0,0,0,1,0,63.0,36.75,20.286,0,1,0,0,0,0,0,0,1,0,0,0,0,1,0,0,0,0,0,1,0,0,0,0,0,1,0,0,0,0,0,1,0,0,0,1,1,0,0,0,0,0,1,0,1,0,0,0,1,0,1,0,1,0
24,3758,1,4,23,1,1,0,1,0,0,0,1,0,0,1,0,150.32,156.58333333333334,86.434,0,1,0,0,0,0,1,0,0,0,0,0,0,1,0,0,0,0,0,0,0,1,0,0,1,0,0,0,0,0,1,0,0,1,0,0,0,0,0,1,0,0,1,1,0,0,1,0,0,0,1,0,1,0
6,1743,1,2,34,2,1,0,0,1,0,1,0,0,1,0,0,249.0,49.8,59.262,0,0,0,1,0,0,0,1,0,0,0,0,0,0,0,0,0,0,1,0,1,0,0,0,0,0,1,0,0,0,0,1,0,1,0,0,1,0,0,0,0,0,1,0,1,0,0,1,0,0,1,0,1,0
9,1136,4,3,32,2,2,1,0,1,0,1,0,0,1,0,0,113.6,34.42424242424242,36.352,0,1,0,0,0,0,0,0,1,0,0,0,0,0,0,0,1,0,0,0,0,0,1,0,0,0,0,0,1,0,0,1,0,1,0,0,0,0,0,1,0,0,1,0,0,1,0,0,1,0,1,0,1,0
9,1236,1,4,23,1,1,0,1,0,0,1,0,0,1,0,0,123.6,51.5,28.428,0,0,0,1,0,0,1,0,0,0,0,0,0,0,1,0,0,0,0,1,0,0,0,0,0,1,0,0,0,0,1,0,0,1,0,0,1,0,0,0,0,0,1,1,0,0,0,0,1,0,0,1,1,0
9,959,1,2,29,1,1,1,0,1,0,1,0,0,1,0,0,95.9,31.966666666666665,27.811,0,1,0,0,0,0,1,0,0,0,0,0,1,0,0,0,0,0,0,1,0,0,0,0,0,0,1,0,0,0,1,0,0,1,0,0,0,0,1,0,0,0,1,0,1,0,0,0,1,0,1,0,0,1
18,3229,2,4,38,1,1,0,0,1,0,0,1,0,0,1,0,169.94736842105263,82.7948717948718,122.702,0,0,0,1,0,0,0,0,1,0,1,0,0,0,0,0,0,0,0,0,0,0,0,1,1,0,0,0,0,0,0,1,0,1,0,0,0,0,0,1,0,0,1,0,1,0,0,0,0,1,0,1,1,0
12,6199,4,2,28,2,1,1,0,1,0,0,0,1,1,0,0,476.84615384615387,213.75862068965517,173.572,1,0,0,0,1,0,0,0,0,0,0,0,0,1,0,0,0,0,0,1,0,0,0,0,0,0,1,0,0,0,0,1,0,1,0,0,0,1,0,0,0,0,1,1,0,0,0,0,1,0,0,1,1,0
10,727,4,4,46,1,1,0,0,1,0,1,0,0,1,0,0,66.0909090909091,15.46808510638298,33.442,0,0,0,1,0,0,1,0,0,0,0,0,0,0,0,0,1,0,0,0,0,1,0,0,0,0,0,0,1,0,0,1,0,1,0,0,0,0,0,1,0,0,1,0,0,1,0,0,1,0,0,1,1,0
24,1246,4,2,23,1,1,1,1,0,0,1,0,0,0,1,0,49.84,51.916666666666664,28.658,0,1,0,0,0,0,1,0,0,1,0,0,0,0,0,0,0,0,0,1,0,0,0,0,0,1,0,0,0,0,0,1,0,1,0,0,1,0,0,0,0,1,0,0,1,0,0,1,0,0,1,0,1,0
12,2331,1,4,49,1,1,0,0,1,0,1,0,0,1,0,0,179.30769230769232,46.62,114.219,0,0,0,1,0,0,0,0,1,0,0,0,0,1,0,0,0,0,0,0,0,0,0,1,0,0,0,0,1,0,0,1,0,0,1,0,1,0,0,0,0,0,1,0,1,0,0,0,1,0,0,1,1,0
36,4463,4,2,26,2,1,1,0,1,0,0,1,0,0,0,1,120.62162162162163,165.2962962962963,116.038,0,0,0,1,0,0,0,1,0,0,0,0,0,1,0,0,0,0,0,1,0,0,0,0,0,0,1,0,0,0,0,1,0,1,0,0,0,0,1,0,0,0,1,0,1,0,0,0,0,1,0,1,1,0
12,776,4,2,28,1,1,0,0,1,0,1,0,0,1,0,0,59.69230769230769,26.75862068965517,21.728,0,0,0,1,0,0,1,0,0,0,0,0,0,1,0,0,0,0,0,1,0,0,0,0,0,0,1,0,0,0,0,0,1,1,0,0,1,0,0,0,0,0,1,0,1,0,0,0,1,0,1,0,1,0
30,2406,4,4,23,1,1,1,1,0,0,1,0,0,0,0,1,77.61290322580645,100.25,55.338,1,0,0,0,0,0,1,0,0,0,0,0,1,0,0,0,0,0,0,1,0,0,0,0,0,0,0,1,0,0,1,0,0,1,0,0,1,0,0,0,0,0,1,1,0,0,0,0,1,0,1,0,1,0
18,1239,4,4,61,1,1,0,0,0,1,1,0,0,0,1,0,65.21052631578948,19.983870967741936,75.579,0,1,0,0,0,0,1,0,0,0,0,0,0,0,0,0,1,0,0,0,0,0,0,1,0,0,1,0,0,0,0,1,0,1,0,0,0,0,0,1,0,0,1,0,0,1,0,0,1,0,1,0,1,0
12,3399,2,3,37,1,1,0,0,1,0,0,1,0,1,0,0,261.46153846153845,89.44736842105263,125.763,0,0,1,0,0,0,1,0,0,0,0,0,0,1,0,0,0,0,0,0,0,0,0,1,0,0,0,0,1,0,0,1,0,1,0,0,0,0,1,0,0,0,1,0,1,0,0,0,0,1,1,0,1,0
12,2247,2,2,36,2,1,0,0,1,0,1,0,0,1,0,0,172.84615384615384,60.729729729729726,80.892,0,0,1,0,0,0,0,1,0,1,0,0,0,0,0,0,0,0,0,1,0,0,0,0,0,0,1,0,0,0,1,0,0,1,0,0,0,0,1,0,0,1,0,0,1,0,0,0,1,0,0,1,1,0
6,1766,1,2,21,1,1,0,1,0,0,1,0,0,1,0,0,252.28571428571428,80.27272727272727,37.086,0,0,0,1,0,0,1,0,0,0,0,0,1,0,0,0,0,0,0,1,0,0,0,0,0,0,1,0,0,0,0,0,1,1,0,0,0,1,0,0,0,0,1,1,0,0,0,0,1,0,1,0,1,0
18,2473,4,1,25,1,1,1,0,1,0,1,0,0,0,1,0,130.1578947368421,95.11538461538461,61.825,1,0,0,0,0,0,1,0,0,0,0,0,1,0,0,0,0,0,0,1,0,0,0,0,1,0,0,0,0,0,0,1,0,1,0,0,0,0,1,0,0,0,1,0,1,0,1,0,0,0,1,0,1,0
12,1542,2,4,36,1,1,0,0,1,0,1,0,0,1,0,0,118.61538461538461,41.67567567567568,55.512,0,0,0,1,0,0,1,0,0,0,0,0,0,0,0,0,0,0,1,1,0,0,0,0,0,0,0,1,0,0,0,1,0,1,0,0,0,0,1,0,0,0,1,0,1,0,0,0,1,0,0,1,1,0
18,3850,3,1,27,2,1,0,0,1,0,0,1,0,0,1,0,202.6315789473684,137.5,103.95,0,0,0,1,0,0,0,0,1,0,1,0,0,0,0,0,0,0,0,1,0,0,0,0,0,0,0,1,0,0,0,1,0,1,0,0,0,0,1,0,0,0,1,0,1,0,0,0,1,0,1,0,1,0
18,3650,1,4,22,1,1,0,1,0,0,0,1,0,0,1,0,192.10526315789474,158.69565217391303,80.3,1,0,0,0,0,0,1,0,0,0,0,0,1,0,0,0,0,0,0,1,0,0,0,0,0,1,0,0,0,0,1,0,0,1,0,0,0,0,1,0,0,0,1,1,0,0,0,0,1,0,1,0,1,0
36,3446,4,2,42,1,2,1,0,1,0,0,1,0,0,0,1,93.13513513513513,80.13953488372093,144.732,1,0,0,0,0,0,1,0,0,0,0,0,1,0,0,0,0,0,0,1,0,0,0,0,0,0,0,0,1,0,0,1,0,1,0,0,0,0,1,0,0,0,1,0,1,0,0,0,1,0,1,0,1,0
18,3001,2,4,40,1,1,0,0,1,0,0,1,0,0,1,0,157.94736842105263,73.1951219512195,120.04,0,1,0,0,0,0,1,0,0,0,0,0,1,0,0,0,0,0,0,1,0,0,0,0,0,0,0,1,0,0,1,0,0,1,0,0,1,0,0,0,0,0,1,1,0,0,0,0,1,0,1,0,1,0
36,3079,4,4,36,1,1,0,0,1,0,0,1,0,0,0,1,83.21621621621621,83.21621621621621,110.844,0,0,0,1,0,0,1,0,0,1,0,0,0,0,0,0,0,0,0,0,0,0,0,1,0,0,1,0,0,0,0,1,0,1,0,0,1,0,0,0,0,0,1,0,1,0,0,0,1,0,1,0,1,0
18,6070,3,4,33,2,1,0,0,1,0,0,0,1,0,1,0,319.4736842105263,178.52941176470588,200.31,0,0,0,1,0,0,0,0,1,0,0,0,0,1,0,0,0,0,0,1,0,0,0,0,0,0,0,0,1,0,0,1,0,1,0,0,0,0,1,0,0,0,1,0,1,0,0,0,1,0,0,1,1,0
10,2146,1,3,23,2,1,0,1,0,0,1,0,0,1,0,0,195.0909090909091,89.41666666666667,49.358,0,0,0,1,0,0,0,0,1,0,0,0,1,0,0,0,0,0,0,1,0,0,0,0,0,1,0,0,0,0,1,0,0,1,0,0,1,0,0,0,0,0,1,1,0,0,0,0,1,0,1,0,1,0
60,13756,2,4,63,1,1,0,0,0,1,0,0,1,0,0,1,225.50819672131146,214.9375,866.628,0,0,0,1,0,0,0,0,1,1,0,0,0,0,0,0,0,0,0,0,0,0,0,1,0,0,0,0,1,0,0,1,0,1,0,0,0,0,0,1,1,0,0,0,0,1,0,0,0,1,0,1,1,0
60,14782,3,4,60,2,1,1,0,0,1,0,0,1,0,0,1,242.327868852459,242.327868852459,886.92,0,1,0,0,0,1,0,0,0,0,0,1,0,0,0,0,0,0,0,0,1,0,0,0,0,0,0,0,1,0,1,0,0,1,0,0,0,0,0,1,1,0,0,0,0,1,0,0,0,1,0,1,1,0
48,7685,2,4,37,1,1,1,0,1,0,0,0,1,0,0,1,156.83673469387756,202.23684210526315,284.345,1,0,0,0,0,1,0,0,0,0,0,0,0,0,0,0,0,0,1,1,0,0,0,0,0,0,0,1,0,0,1,0,0,0,0,1,0,0,1,0,0,0,1,1,0,0,0,0,1,0,1,0,1,0
18,2320,2,3,34,2,1,0,0,1,0,1,0,0,0,1,0,122.10526315789474,66.28571428571429,78.88,0,0,0,1,0,0,0,1,0,0,0,0,0,1,0,0,0,0,0,1,0,0,0,0,1,0,0,0,0,0,0,0,1,1,0,0,1,0,0,0,0,0,1,0,1,0,0,0,1,0,1,0,1,0
7,846,3,4,36,1,1,0,0,1,0,1,0,0,1,0,0,105.75,22.864864864864863,30.456,0,0,0,1,0,0,0,1,0,0,0,0,0,1,0,0,0,0,0,0,0,0,0,1,0,0,0,0,1,0,0,1,0,1,0,0,0,0,0,1,0,0,1,0,0,1,0,0,1,0,1,0,1,0
36,14318,4,2,57,1,1,1,0,1,0,0,0,1,0,0,1,386.97297297297297,246.86206896551724,816.126,0,1,0,0,0,0,1,0,0,1,0,0,0,0,0,0,0,0,0,1,0,0,0,0,0,0,0,0,1,0,0,1,0,1,0,0,0,0,0,1,0,0,1,0,0,1,0,0,0,1,0,1,1,0
6,362,4,4,52,2,1,0,0,1,0,1,0,0,1,0,0,51.714285714285715,6.830188679245283,18.824,0,0,0,1,0,0,0,0,1,1,0,0,0,0,0,0,0,0,0,0,1,0,0,0,0,0,1,0,0,0,1,0,0,1,0,0,0,0,1,0,0,0,1,0,1,0,0,1,0,0,1,0,1,0
20,2212,4,4,39,1,1,0,0,1,0,1,0,0,0,1,0,105.33333333333333,55.3,86.268,1,0,0,0,0,0,1,0,0,0,0,0,1,0,0,0,0,0,0,0,0,0,0,1,0,0,0,1,0,0,0,1,0,1,0,0,0,0,1,0,0,0,1,0,1,0,0,0,1,0,0,1,1,0
18,12976,3,4,38,1,1,1,0,1,0,0,0,1,0,1,0,682.9473684210526,332.71794871794873,493.088,0,1,0,0,0,0,1,0,0,0,1,0,0,0,0,0,0,0,0,1,0,0,0,0,1,0,0,0,0,0,1,0,0,1,0,0,0,0,0,1,0,0,1,0,0,1,0,0,0,1,0,1,1,0
22,1283,4,4,25,1,1,0,0,1,0,1,0,0,0,1,0,55.78260869565217,49.34615384615385,32.075,0,0,0,1,0,0,1,0,0,1,0,0,0,0,0,0,0,0,0,0,0,0,0,1,0,0,0,1,0,0,1,0,0,1,0,0,0,1,0,0,0,0,1,1,0,0,0,0,1,0,1,0,1,0
12,1330,4,1,26,1,1,0,0,1,0,1,0,0,1,0,0,102.3076923076923,49.25925925925926,34.58,0,0,1,0,0,0,1,0,0,1,0,0,0,0,0,0,0,0,0,1,0,0,0,0,0,1,0,0,0,0,0,1,0,1,0,0,1,0,0,0,0,0,1,0,1,0,0,0,1,0,1,0,1,0
30,4272,2,2,26,2,1,0,0,1,0,0,1,0,0,0,1,137.80645161290323,158.22222222222223,111.072,0,0,0,1,0,0,0,1,0,0,0,0,0,0,0,0,0,0,1,0,1,0,0,0,0,0,1,0,0,0,0,1,0,1,0,0,0,1,0,0,0,0,1,0,1,0,0,1,0,0,1,0,1,0
18,2238,2,1,25,2,1,0,0,1,0,1,0,0,0,1,0,117.78947368421052,86.07692307692308,55.95,0,0,0,1,0,0,0,0,1,0,0,0,0,1,0,0,0,0,0,1,0,0,0,0,0,0,1,0,0,0,1,0,0,1,0,0,0,0,1,0,0,0,1,0,1,0,0,0,1,0,1,0,1,0
18,1126,4,2,21,1,1,0,1,0,0,1,0,0,0,1,0,59.26315789473684,51.18181818181818,23.646,0,0,0,1,0,0,1,0,0,0,0,0,0,1,0,0,0,0,0,0,0,0,0,1,0,1,0,0,0,0,1,0,0,1,0,0,1,0,0,0,0,0,1,1,0,0,0,0,1,0,0,1,1,0
18,7374,4,4,40,2,1,0,0,1,0,0,0,1,0,1,0,388.10526315789474,179.85365853658536,294.96,0,1,0,0,0,0,0,0,1,0,0,0,1,0,0,0,0,0,0,1,0,0,0,0,1,0,0,0,0,0,0,1,0,1,0,0,0,1,0,0,0,1,0,0,1,0,0,0,0,1,0,1,1,0
15,2326,2,4,27,1,1,0,0,1,0,1,0,0,0,1,0,145.375,83.07142857142857,62.802,0,1,0,0,0,0,0,0,1,0,0,0,0,0,0,0,0,0,1,0,0,1,0,0,0,0,1,0,0,0,0,1,0,1,0,0,0,0,1,0,1,0,0,0,1,0,0,0,1,0,1,0,1,0
9,1449,3,2,27,2,1,0,0,1,0,1,0,0,1,0,0,144.9,51.75,39.123,0,0,0,1,0,0,1,0,0,0,0,0,0,0,0,0,0,0,1,1,0,0,0,0,0,0,0,1,0,0,1,0,0,1,0,0,0,0,1,0,0,0,1,0,1,0,0,0,1,0,1,0,1,0
18,1820,2,2,30,1,1,0,0,1,0,1,0,0,0,1,0,95.78947368421052,58.70967741935484,54.6,0,0,0,1,0,0,1,0,0,1,0,0,0,0,0,0,0,0,0,1,0,0,0,0,0,0,1,0,0,0,0,0,1,1,0,0,0,1,0,0,0,0,1,0,1,0,0,0,0,1,0,1,1,0
12,983,1,4,19,1,1,0,1,0,0,1,0,0,1,0,0,75.61538461538461,49.15,18.677,0,1,0,0,0,0,1,0,0,0,0,0,1,0,0,0,0,0,0,0,0,0,1,0,0,1,0,0,0,0,1,0,0,1,0,0,1,0,0,0,0,0,1,1,0,0,0,1,0,0,1,0,1,0
36,3249,2,4,39,1,2,0,0,1,0,0,1,0,0,0,1,87.8108108108108,81.225,126.711,1,0,0,0,0,0,1,0,0,1,0,0,0,0,0,0,0,0,0,1,0,0,0,0,0,0,0,1,0,0,0,1,0,1,0,0,0,0,0,1,1,0,0,0,0,1,0,0,0,1,0,1,1,0
6,1957,1,4,31,1,1,0,0,1,0,1,0,0,1,0,0,279.57142857142856,61.15625,60.667,1,0,0,0,0,0,0,0,1,0,0,0,0,1,0,0,0,0,0,1,0,0,0,0,0,0,0,1,0,0,1,0,0,1,0,0,0,0,1,0,0,0,1,0,1,0,0,0,1,0,1,0,1,0
9,2406,2,3,31,1,1,0,0,1,0,1,0,0,1,0,0,240.6,75.1875,74.586,0,0,0,1,0,0,0,0,1,0,0,0,1,0,0,0,0,0,0,1,0,0,0,0,1,0,0,0,0,0,0,1,0,1,0,0,0,0,1,0,0,0,1,0,1,0,0,0,0,1,1,0,1,0
39,11760,2,3,32,1,1,0,0,1,0,0,0,1,0,0,1,294.0,356.3636363636364,376.32,0,1,0,0,0,0,0,1,0,0,0,0,0,0,0,0,1,0,0,0,1,0,0,0,0,0,0,1,0,0,0,1,0,1,0,0,0,0,0,1,0,0,1,1,0,0,0,0,1,0,0,1,1,0
12,2578,3,4,55,1,1,0,0,1,0,0,1,0,1,0,0,198.30769230769232,46.035714285714285,141.79,1,0,0,0,0,0,1,0,0,0,0,0,1,0,0,0,0,0,0,1,0,0,0,0,1,0,0,0,0,0,1,0,0,1,0,0,0,0,0,1,0,0,1,0,0,1,0,0,0,1,1,0,1,0
36,2348,3,2,46,2,1,0,0,1,0,1,0,0,0,0,1,63.45945945945946,49.95744680851064,108.008,1,0,0,0,0,0,0,0,1,0,0,0,1,0,0,0,0,0,0,1,0,0,0,0,0,0,1,0,0,0,0,0,1,1,0,0,0,1,0,0,0,0,1,0,1,0,0,0,1,0,0,1,1,0
12,1223,1,1,46,2,1,1,0,1,0,1,0,0,1,0,0,94.07692307692308,26.02127659574468,56.258,0,1,0,0,0,0,1,0,0,1,0,0,0,0,0,0,0,0,0,1,0,0,0,0,0,0,0,0,1,1,0,0,0,1,0,0,1,0,0,0,0,0,1,1,0,0,0,0,1,0,1,0,1,0
24,1516,4,1,43,2,1,0,0,1,0,1,0,0,0,1,0,60.64,34.45454545454545,65.188,0,0,0,1,0,0,0,0,1,0,0,0,0,1,0,0,0,0,0,0,0,0,1,0,0,0,1,0,0,0,1,0,0,1,0,0,1,0,0,0,0,0,1,0,1,0,0,1,0,0,1,0,1,0
18,1473,3,4,39,1,1,0,0,1,0,1,0,0,0,1,0,77.52631578947368,36.825,57.447,0,0,0,1,0,0,1,0,0,0,0,0,0,1,0,0,0,0,0,1,0,0,0,0,0,1,0,0,0,0,0,0,1,1,0,0,1,0,0,0,0,0,1,0,1,0,0,0,1,0,0,1,1,0
18,1887,4,4,28,2,1,0,0,1,0,1,0,0,0,1,0,99.3157894736842,65.06896551724138,52.836,0,1,0,0,0,0,0,0,1,0,0,0,0,0,0,0,0,0,1,0,0,0,0,1,0,0,1,0,0,0,0,0,1,1,0,0,1,0,0,0,1,0,0,0,1,0,0,0,1,0,1,0,1,0
24,8648,2,2,27,2,1,1,0,1,0,0,0,1,0,1,0,345.92,308.85714285714283,233.496,0,0,0,1,0,0,0,1,0,0,0,0,0,0,0,0,0,0,1,1,0,0,0,0,0,1,0,0,0,0,0,1,0,1,0,0,0,0,1,0,1,0,0,0,1,0,0,0,1,0,0,1,1,0
14,802,4,2,27,2,1,0,0,1,0,1,0,0,0,1,0,53.46666666666667,28.642857142857142,21.654,0,0,0,1,0,0,0,1,0,1,0,0,0,0,0,0,0,0,0,1,0,0,0,0,0,0,1,0,0,0,0,1,0,1,0,0,0,0,1,0,0,0,1,0,1,0,0,1,0,0,1,0,1,0
18,2899,4,4,43,1,2,0,0,1,0,0,1,0,0,1,0,152.57894736842104,65.88636363636364,124.657,0,1,0,0,0,0,0,1,0,1,0,0,0,0,0,0,0,0,0,0,0,0,0,1,0,0,0,0,1,0,0,1,0,1,0,0,0,0,1,0,0,0,1,0,1,0,0,0,1,0,1,0,1,0
24,2039,1,1,22,1,1,1,1,0,0,1,0,0,0,1,0,81.56,88.65217391304348,44.858,0,1,0,0,0,0,1,0,0,0,0,0,0,1,0,0,0,0,0,1,0,0,0,0,0,1,0,0,0,0,0,0,1,1,0,0,0,1,0,0,0,0,1,0,1,0,0,0,1,0,0,1,1,0
24,2197,4,4,43,2,2,0,0,1,0,1,0,0,0,1,0,87.88,49.93181818181818,94.471,0,0,0,1,0,0,0,0,1,0,1,0,0,0,0,0,0,0,0,0,0,0,0,1,0,0,0,1,0,0,0,1,0,1,0,0,0,0,1,0,0,0,1,0,1,0,0,0,1,0,0,1,1,0
15,1053,4,2,27,1,1,0,0,1,0,1,0,0,0,1,0,65.8125,37.607142857142854,28.431,1,0,0,0,0,0,1,0,0,0,0,0,0,1,0,0,0,0,0,1,0,0,0,0,0,1,0,0,0,0,0,0,1,1,0,0,1,0,0,0,0,0,1,0,1,0,0,0,1,0,1,0,0,1
24,3235,3,2,26,1,1,0,0,1,0,0,1,0,0,1,0,129.4,119.81481481481481,84.11,0,0,0,1,0,0,1,0,0,0,0,0,0,1,0,0,0,0,0,0,0,1,0,0,0,0,0,0,1,1,0,0,0,1,0,0,0,0,1,0,0,0,1,0,1,0,0,0,0,1,0,1,1,0
12,939,4,2,28,3,1,1,0,1,0,1,0,0,1,0,0,72.23076923076923,32.37931034482759,26.292,0,0,1,0,0,0,0,0,1,1,0,0,0,0,0,0,0,0,0,0,0,1,0,0,0,0,0,1,0,0,0,0,1,1,0,0,1,0,0,0,0,0,1,0,1,0,0,0,1,0,0,1,1,0
24,1967,4,4,20,1,1,0,1,0,0,1,0,0,0,1,0,78.68,93.66666666666667,39.34,0,1,0,0,0,0,1,0,0,0,0,0,0,1,0,0,0,0,0,1,0,0,0,0,0,0,0,0,1,0,1,0,0,1,0,0,0,0,1,0,0,0,1,0,1,0,0,0,1,0,0,1,1,0
33,7253,3,2,35,2,1,0,0,1,0,0,0,1,0,0,1,213.3235294117647,201.47222222222223,253.855,0,0,0,1,0,0,0,0,1,0,1,0,0,0,0,0,0,0,0,1,0,0,0,0,0,0,0,1,0,0,0,1,0,1,0,0,0,0,1,0,0,0,1,0,1,0,0,0,0,1,0,1,1,0
12,2292,4,2,42,2,1,1,0,1,0,1,0,0,1,0,0,176.30769230769232,53.30232558139535,96.264,0,0,0,1,0,0,0,0,1,0,0,0,0,0,0,0,0,0,1,1,0,0,0,0,1,0,0,0,0,0,0,1,0,1,0,0,0,0,1,0,0,1,0,0,1,0,0,0,0,1,0,1,1,0
10,1597,3,2,40,1,2,0,0,1,0,1,0,0,1,0,0,145.1818181818182,38.951219512195124,63.88,0,0,0,1,0,0,1,0,0,1,0,0,0,0,0,0,0,0,0,0,0,1,0,0,0,0,1,0,0,0,0,1,0,1,0,0,0,0,0,1,0,0,1,1,0,0,0,1,0,0,1,0,0,1
24,1381,4,2,35,1,1,1,0,1,0,1,0,0,0,1,0,55.24,38.361111111111114,48.335,1,0,0,0,0,0,1,0,0,1,0,0,0,0,0,0,0,0,0,0,0,0,0,1,0,0,1,0,0,0,1,0,0,1,0,0,0,1,0,0,0,0,1,0,1,0,0,0,1,0,1,0,1,0
36,5842,2,2,35,2,2,0,0,1,0,0,0,1,0,0,1,157.8918918918919,162.27777777777777,204.47,0,0,0,1,0,0,0,0,1,0,1,0,0,0,0,0,0,0,0,1,0,0,0,0,0,0,0,0,1,0,0,1,0,1,0,0,0,1,0,0,0,0,1,0,1,0,0,0,1,0,0,1,1,0
12,2579,4,1,33,1,2,1,0,1,0,0,1,0,1,0,0,198.3846153846154,75.8529411764706,85.107,1,0,0,0,0,0,1,0,0,1,0,0,0,0,0,0,0,0,0,1,0,0,0,0,0,1,0,0,0,0,0,1,0,1,0,0,1,0,0,0,0,0,1,0,1,0,0,1,0,0,1,0,1,0
18,8471,1,2,23,2,1,0,1,0,0,0,0,1,0,1,0,445.8421052631579,352.9583333333333,194.833,1,0,0,0,0,0,0,1,0,0,0,0,0,0,0,0,1,0,0,0,0,0,0,1,0,0,1,0,0,0,1,0,0,1,0,0,0,0,1,0,0,0,1,1,0,0,0,0,1,0,0,1,1,0
21,2782,1,2,31,1,1,0,0,1,0,0,1,0,0,1,0,126.45454545454545,86.9375,86.242,0,0,0,1,0,0,1,0,0,1,0,0,0,0,0,0,0,0,0,0,0,1,0,0,0,0,0,1,0,0,1,0,0,1,0,0,0,0,1,0,1,0,0,0,1,0,0,0,0,1,1,0,1,0
18,1042,4,2,33,1,1,1,0,1,0,1,0,0,0,1,0,54.8421052631579,30.647058823529413,34.386,0,1,0,0,0,0,1,0,0,1,0,0,0,0,0,0,0,0,0,0,0,0,0,1,0,0,1,0,0,0,1,0,0,1,0,0,0,1,0,0,0,0,1,0,1,0,0,0,1,0,1,0,1,0
15,3186,2,3,20,1,1,0,1,0,0,0,1,0,0,1,0,199.125,151.71428571428572,63.72,0,0,0,1,0,0,1,0,0,1,0,0,0,0,0,0,0,0,0,0,0,0,1,0,0,0,0,1,0,0,1,0,0,1,0,0,0,0,1,0,0,0,1,1,0,0,0,0,1,0,1,0,1,0
12,2028,4,2,30,1,1,0,0,1,0,1,0,0,1,0,0,156.0,65.41935483870968,60.84,0,1,0,0,0,0,1,0,0,0,1,0,0,0,0,0,0,0,0,0,0,0,0,1,0,0,1,0,0,0,0,1,0,1,0,0,0,0,1,0,0,0,1,0,1,0,0,0,1,0,1,0,1,0
12,958,2,3,47,2,2,0,0,1,0,1,0,0,1,0,0,73.6923076923077,19.958333333333332,45.026,0,1,0,0,0,0,0,0,1,1,0,0,0,0,0,0,0,0,0,1,0,0,0,0,0,0,0,1,0,0,0,1,0,1,0,0,1,0,0,0,0,0,1,0,1,0,0,1,0,0,1,0,1,0
21,1591,4,3,34,2,1,0,0,1,0,1,0,0,0,1,0,72.31818181818181,45.457142857142856,54.094,0,0,0,1,0,0,0,1,0,0,0,0,1,0,0,0,0,0,0,0,1,0,0,0,0,0,0,1,0,0,0,1,0,1,0,0,1,0,0,0,0,0,1,0,1,0,0,0,0,1,1,0,1,0
12,2762,1,2,25,1,1,1,0,1,0,0,1,0,1,0,0,212.46153846153845,106.23076923076923,69.05,0,1,0,0,0,0,1,0,0,0,0,0,1,0,0,0,0,0,0,0,0,0,0,1,0,0,0,0,1,0,1,0,0,1,0,0,0,1,0,0,1,0,0,0,1,0,0,0,1,0,0,1,1,0
18,2779,1,3,21,1,1,0,1,0,0,0,1,0,0,1,0,146.26315789473685,126.31818181818181,58.359,0,1,0,0,0,0,1,0,0,0,1,0,0,0,0,0,0,0,0,1,0,0,0,0,0,0,1,0,0,0,0,0,1,1,0,0,0,0,1,0,0,0,1,1,0,0,0,0,1,0,0,1,1,0
28,2743,4,2,29,2,1,0,0,1,0,0,1,0,0,0,1,94.58620689655173,91.43333333333334,79.547,0,0,0,1,0,0,0,0,1,0,0,0,0,1,0,0,0,0,0,1,0,0,0,0,0,0,0,0,1,0,0,1,0,1,0,0,0,0,1,0,0,0,1,0,1,0,0,0,1,0,1,0,1,0
18,1149,4,3,46,2,1,0,0,1,0,1,0,0,0,1,0,60.473684210526315,24.4468085106383,52.854,0,0,0,1,0,0,0,0,1,0,0,0,0,1,0,0,0,0,0,0,0,0,1,0,0,0,1,0,0,0,0,1,0,1,0,0,1,0,0,0,0,0,1,0,1,0,0,0,1,0,1,0,1,0
9,1313,1,4,20,1,1,0,1,0,0,1,0,0,1,0,0,131.3,62.523809523809526,26.26,0,0,0,1,0,0,1,0,0,0,0,0,1,0,0,0,0,0,0,1,0,0,0,0,0,0,0,0,1,0,0,1,0,1,0,0,0,0,1,0,0,0,1,0,1,0,0,0,1,0,1,0,1,0
18,1190,2,4,55,3,2,1,0,1,0,1,0,0,0,1,0,62.63157894736842,21.25,65.45,1,0,0,0,0,0,0,0,1,0,0,0,0,0,0,1,0,0,0,1,0,0,0,0,1,0,0,0,0,0,1,0,0,1,0,0,0,0,0,1,0,0,1,0,0,1,1,0,0,0,1,0,1,0
5,3448,1,4,74,1,1,0,0,0,1,0,1,0,1,0,0,574.6666666666666,45.973333333333336,255.152,0,0,0,1,0,0,1,0,0,0,0,0,0,0,0,0,0,0,1,1,0,0,0,0,0,0,0,1,0,0,0,1,0,1,0,0,1,0,0,0,0,0,1,0,1,0,0,1,0,0,1,0,1,0
24,11328,2,3,29,2,1,1,0,1,0,0,0,1,0,1,0,453.12,377.6,328.512,0,1,0,0,0,0,1,0,0,0,0,1,0,0,0,0,0,0,0,1,0,0,0,0,0,0,1,0,0,0,0,1,0,0,1,0,0,0,1,0,1,0,0,0,1,0,0,0,0,1,0,1,1,0
6,1872,4,4,36,3,1,0,0,1,0,1,0,0,1,0,0,267.42857142857144,50.5945945945946,67.392,1,0,0,0,0,0,0,0,1,0,0,0,1,0,0,0,0,0,0,1,0,0,0,0,1,0,0,0,0,0,0,1,0,1,0,0,0,0,0,1,0,0,1,0,0,1,0,0,0,1,0,1,1,0
24,2058,4,2,33,2,1,0,0,1,0,1,0,0,0,1,0,82.32,60.529411764705884,67.914,0,0,0,1,0,0,0,0,1,0,0,0,0,0,0,1,0,0,0,1,0,0,0,0,0,0,1,0,0,1,0,0,0,1,0,0,1,0,0,0,0,0,1,0,1,0,0,0,1,0,0,1,1,0
9,2136,3,2,25,1,1,0,0,1,0,1,0,0,1,0,0,213.6,82.15384615384616,53.4,1,0,0,0,0,0,1,0,0,0,0,0,1,0,0,0,0,0,0,1,0,0,0,0,0,0,1,0,0,0,0,1,0,1,0,0,1,0,0,0,0,0,1,0,1,0,0,0,1,0,1,0,1,0
12,1484,2,1,25,1,1,1,0,1,0,1,0,0,1,0,0,114.15384615384616,57.07692307692308,37.1,0,1,0,0,0,0,1,0,0,0,0,0,0,1,0,0,0,0,0,0,0,0,0,1,0,0,1,0,0,0,0,0,1,1,0,0,1,0,0,0,0,0,1,0,1,0,0,0,1,0,0,1,1,0
6,660,2,4,23,1,1,0,1,0,0,1,0,0,1,0,0,94.28571428571429,27.5,15.18,0,0,0,1,0,0,1,0,0,0,0,0,0,0,0,1,0,0,0,0,0,1,0,0,0,0,0,1,0,0,0,0,1,1,0,0,1,0,0,0,0,0,1,1,0,0,0,1,0,0,1,0,1,0
24,1287,4,4,37,2,1,0,0,1,0,1,0,0,0,1,0,51.48,33.86842105263158,47.619,0,0,0,1,0,0,0,0,1,1,0,0,0,0,0,0,0,0,0,0,0,0,1,0,0,0,0,0,1,0,1,0,0,1,0,0,1,0,0,0,0,0,1,0,1,0,0,0,1,0,0,1,1,0
42,3394,4,4,65,2,1,0,0,0,1,0,1,0,0,0,1,78.93023255813954,51.42424242424242,220.61,1,0,0,0,0,0,0,0,1,0,0,0,0,0,0,1,0,0,0,1,0,0,0,0,1,0,0,0,0,0,0,1,0,0,1,0,0,0,1,0,0,0,1,0,1,0,1,0,0,0,1,0,1,0
12,609,4,1,26,1,1,1,0,1,0,1,0,0,1,0,0,46.84615384615385,22.555555555555557,15.834,0,0,1,0,0,1,0,0,0,0,0,0,0,0,0,0,0,0,1,1,0,0,0,0,0,1,0,0,0,0,1,0,0,1,0,0,1,0,0,0,0,0,1,0,1,0,1,0,0,0,1,0,1,0
12,1884,4,4,39,1,1,0,0,1,0,1,0,0,1,0,0,144.92307692307693,47.1,73.476,0,0,0,1,0,0,1,0,0,1,0,0,0,0,0,0,0,0,0,1,0,0,0,0,0,0,0,0,1,0,0,1,0,1,0,0,0,0,1,0,0,0,1,0,1,0,0,0,0,1,0,1,1,0
12,1620,2,3,30,1,1,0,0,1,0,1,0,0,1,0,0,124.61538461538461,52.25806451612903,48.6,1,0,0,0,0,0,1,0,0,0,0,0,1,0,0,0,0,0,0,1,0,0,0,0,0,0,1,0,0,0,1,0,0,0,1,0,0,1,0,0,0,0,1,0,1,0,0,0,1,0,1,0,1,0
20,2629,2,3,29,2,1,0,0,1,0,0,1,0,0,1,0,125.19047619047619,87.63333333333334,76.241,0,1,0,0,0,0,0,1,0,0,0,1,0,0,0,0,0,0,0,1,0,0,0,0,0,0,1,0,0,0,0,1,0,1,0,0,0,0,1,0,1,0,0,0,1,0,0,0,1,0,0,1,1,0
12,719,4,4,41,1,2,1,0,1,0,1,0,0,1,0,0,55.30769230769231,17.11904761904762,29.479,0,0,0,1,0,0,1,0,0,0,0,0,0,0,0,0,1,0,0,1,0,0,0,0,0,0,0,0,1,0,0,1,0,1,0,0,0,0,1,0,1,0,0,0,1,0,0,1,0,0,1,0,1,0
48,5096,2,3,30,1,1,1,0,1,0,0,0,1,0,0,1,104.0,164.38709677419354,152.88,0,1,0,0,0,0,0,0,1,0,0,0,1,0,0,0,0,0,0,1,0,0,0,0,0,0,1,0,0,0,1,0,0,1,0,0,0,0,1,0,0,0,1,0,1,0,0,0,0,1,0,1,1,0
9,1244,4,4,41,2,1,0,0,1,0,1,0,0,1,0,0,124.4,29.61904761904762,51.004,0,0,0,1,0,0,0,0,1,0,0,0,0,0,0,0,1,0,0,0,0,0,0,1,0,0,0,0,1,0,1,0,0,1,0,0,0,1,0,0,0,0,1,1,0,0,0,1,0,0,1,0,1,0
36,1842,4,4,34,1,1,1,0,1,0,1,0,0,0,0,1,49.78378378378378,52.628571428571426,62.628,1,0,0,0,0,0,1,0,0,1,0,0,0,0,0,0,0,0,0,1,0,0,0,0,0,1,0,0,0,0,1,0,0,1,0,0,0,0,1,0,0,0,1,0,1,0,0,0,1,0,0,1,1,0
7,2576,2,2,35,1,1,0,0,1,0,0,1,0,1,0,0,322.0,71.55555555555556,90.16,0,1,0,0,0,0,1,0,0,0,0,0,0,1,0,0,0,0,0,1,0,0,0,0,0,0,1,0,0,0,0,1,0,0,0,1,1,0,0,0,0,0,1,0,1,0,0,0,1,0,1,0,1,0
12,1424,3,4,55,1,1,0,0,1,0,1,0,0,1,0,0,109.53846153846153,25.428571428571427,78.32,0,0,1,0,0,0,1,0,0,0,0,0,1,0,0,0,0,0,0,0,0,0,0,1,0,0,0,0,1,0,1,0,0,1,0,0,1,0,0,0,0,0,1,0,1,0,0,0,0,1,0,1,1,0
15,1512,3,3,61,2,1,1,0,0,1,1,0,0,0,1,0,94.5,24.387096774193548,92.232,0,1,0,0,0,0,0,1,0,0,0,0,0,0,0,1,0,0,0,0,0,0,1,0,0,0,1,0,0,0,0,0,1,1,0,0,0,1,0,0,0,1,0,0,1,0,0,0,1,0,1,0,1,0
36,11054,4,2,30,1,1,0,0,1,0,0,0,1,0,0,1,298.7567567567568,356.5806451612903,331.62,0,0,0,1,0,0,0,0,1,0,1,0,0,0,0,0,0,0,0,0,0,0,0,1,0,0,1,0,0,0,0,1,0,1,0,0,0,0,1,0,0,0,1,0,1,0,0,0,0,1,0,1,1,0
6,518,3,1,29,1,1,0,0,1,0,1,0,0,1,0,0,74.0,17.266666666666666,15.022,0,0,0,1,0,0,1,0,0,0,0,0,0,1,0,0,0,0,0,1,0,0,0,0,0,0,1,0,0,0,1,0,0,1,0,0,1,0,0,0,0,0,1,0,1,0,0,0,1,0,1,0,1,0
12,2759,2,4,34,2,1,0,0,1,0,0,1,0,1,0,0,212.23076923076923,78.82857142857142,93.806,0,0,0,1,1,0,0,0,0,0,0,0,1,0,0,0,0,0,0,1,0,0,0,0,0,0,0,0,1,0,0,1,0,1,0,0,0,1,0,0,0,0,1,0,1,0,0,0,1,0,1,0,1,0
24,2670,4,4,35,1,1,0,0,1,0,0,1,0,0,1,0,106.8,74.16666666666667,93.45,0,0,0,1,0,0,1,0,0,0,1,0,0,0,0,0,0,0,0,1,0,0,0,0,0,0,0,0,1,0,0,1,0,1,0,0,0,0,1,0,0,0,1,0,1,0,0,0,0,1,0,1,1,0
24,4817,2,3,31,1,1,1,0,1,0,0,1,0,0,1,0,192.68,150.53125,149.327,1,0,0,0,0,0,1,0,0,1,0,0,0,0,0,0,0,0,0,1,0,0,0,0,0,0,0,1,0,0,0,1,0,0,1,0,0,1,0,0,0,0,1,0,1,0,0,0,1,0,0,1,1,0
24,2679,4,1,29,1,1,0,0,1,0,0,1,0,0,1,0,107.16,89.3,77.691,0,0,0,1,0,0,1,0,0,0,1,0,0,0,0,0,0,0,0,1,0,0,0,0,0,1,0,0,0,0,1,0,0,1,0,0,0,0,0,1,0,0,1,0,1,0,0,0,0,1,0,1,1,0
11,3905,2,2,36,2,2,0,0,1,0,0,1,0,1,0,0,325.4166666666667,105.54054054054055,140.58,1,0,0,0,0,0,0,0,1,1,0,0,0,0,0,0,0,0,0,1,0,0,0,0,0,0,1,0,0,0,0,1,0,1,0,0,1,0,0,0,0,0,1,1,0,0,0,0,1,0,1,0,1,0
12,3386,3,4,35,1,1,1,0,1,0,0,1,0,1,0,0,260.46153846153845,94.05555555555556,118.51,1,0,0,0,0,0,1,0,0,0,1,0,0,0,0,0,0,0,0,1,0,0,0,0,0,0,0,0,1,0,0,1,0,1,0,0,0,0,0,1,0,0,1,0,0,1,0,0,1,0,0,1,1,0
6,343,4,1,27,1,1,0,0,1,0,1,0,0,1,0,0,49.0,12.25,9.261,1,0,0,0,0,0,1,0,0,0,0,0,0,0,1,0,0,0,0,1,0,0,0,0,0,1,0,0,0,0,1,0,0,1,0,0,1,0,0,0,0,0,1,0,1,0,0,0,1,0,1,0,1,0
18,4594,3,2,32,1,1,0,0,1,0,0,1,0,0,1,0,241.78947368421052,139.21212121212122,147.008,0,0,0,1,0,0,1,0,0,0,0,0,0,1,0,0,0,0,0,1,0,0,0,0,0,1,0,0,0,0,0,1,0,1,0,0,0,0,1,0,0,0,1,0,1,0,0,0,1,0,0,1,1,0
36,3620,1,2,37,1,2,0,0,1,0,0,1,0,0,0,1,97.83783783783784,95.26315789473684,133.94,1,0,0,0,0,0,1,0,0,0,0,0,1,0,0,0,0,0,0,1,0,0,0,0,0,0,1,0,0,0,0,1,0,0,0,1,0,1,0,0,0,0,1,0,1,0,0,0,1,0,1,0,1,0
15,1721,2,3,36,1,1,0,0,1,0,1,0,0,0,1,0,107.5625,46.513513513513516,61.956,1,0,0,0,0,0,1,0,0,1,0,0,0,0,0,0,0,0,0,1,0,0,0,0,0,1,0,0,0,0,0,1,0,1,0,0,1,0,0,0,0,0,1,0,1,0,0,0,1,0,1,0,1,0
12,3017,3,1,34,1,1,0,0,1,0,0,1,0,1,0,0,232.07692307692307,86.2,102.578,0,1,0,0,0,0,1,0,0,0,0,0,1,0,0,0,0,0,0,1,0,0,0,0,0,1,0,0,0,0,1,0,0,1,0,0,1,0,0,0,0,0,1,1,0,0,0,0,0,1,1,0,1,0
12,754,4,4,38,2,1,0,0,1,0,1,0,0,1,0,0,58.0,19.333333333333332,28.652,0,1,0,0,0,0,1,0,0,0,0,0,0,0,0,0,0,1,0,0,0,0,0,1,0,0,0,0,1,0,0,1,0,1,0,0,0,1,0,0,0,0,1,0,1,0,0,0,1,0,1,0,1,0
18,1950,4,1,34,2,1,0,0,1,0,1,0,0,0,1,0,102.63157894736842,55.714285714285715,66.3,0,0,0,1,0,0,1,0,0,0,0,0,0,0,0,0,0,0,1,1,0,0,0,0,0,0,0,1,0,0,0,1,0,1,0,0,0,0,1,0,0,1,0,0,1,0,0,0,1,0,0,1,1,0
24,2924,3,4,63,1,2,0,0,0,1,0,1,0,0,1,0,116.96,45.6875,184.212,1,0,0,0,0,0,1,0,0,0,1,0,0,0,0,0,0,0,0,1,0,0,0,0,0,0,1,0,0,0,0,1,0,0,0,1,0,0,0,1,1,0,0,0,1,0,0,0,1,0,0,1,1,0
24,1659,4,2,29,1,1,1,0,1,0,1,0,0,0,1,0,66.36,55.3,48.111,1,0,0,0,0,0,0,1,0,0,0,0,0,1,0,0,0,0,0,1,0,0,0,0,0,1,0,0,0,0,1,0,0,1,0,0,0,0,1,0,0,0,1,1,0,0,0,1,0,0,0,1,1,0
48,7238,3,3,32,2,2,0,0,1,0,0,0,1,0,0,1,147.71428571428572,219.33333333333334,231.616,0,0,0,1,0,0,0,1,0,0,0,0,0,1,0,0,0,0,0,0,0,0,0,1,0,0,0,0,1,0,0,1,0,1,0,0,0,0,1,0,1,0,0,0,1,0,0,0,1,0,1,0,1,0
33,2764,2,2,26,2,1,0,0,1,0,0,1,0,0,0,1,81.29411764705883,102.37037037037037,71.864,0,0,0,1,0,0,0,1,0,0,0,0,0,0,0,0,0,0,1,1,0,0,0,0,0,0,1,0,0,0,1,0,0,1,0,0,0,0,1,0,0,0,1,0,1,0,0,0,1,0,0,1,1,0
24,4679,3,3,35,2,1,0,0,1,0,0,1,0,0,1,0,187.16,129.97222222222223,163.765,0,0,0,1,0,0,0,1,0,0,1,0,0,0,0,0,0,0,0,1,0,0,0,0,0,0,0,1,0,0,0,1,0,1,0,0,0,0,1,0,0,0,1,0,1,0,0,1,0,0,0,1,1,0
24,3092,3,2,22,1,1,1,1,0,0,0,1,0,0,1,0,123.68,134.43478260869566,68.024,0,1,0,0,0,0,1,0,0,0,0,0,0,1,0,0,0,0,0,0,1,0,0,0,0,1,0,0,0,0,0,0,1,1,0,0,0,0,1,0,0,0,1,1,0,0,0,0,1,0,0,1,1,0
6,448,4,4,23,1,1,1,1,0,0,1,0,0,1,0,0,64.0,18.666666666666668,10.304,1,0,0,0,0,0,1,0,0,0,0,0,0,0,0,0,1,0,0,1,0,0,0,0,0,1,0,0,0,0,1,0,0,1,0,0,0,1,0,0,0,0,1,0,1,0,0,0,1,0,1,0,1,0
9,654,4,3,28,1,1,1,0,1,0,1,0,0,1,0,0,65.4,22.551724137931036,18.312,1,0,0,0,0,0,1,0,0,1,0,0,0,0,0,0,0,0,0,1,0,0,0,0,0,0,1,0,0,0,0,1,0,1,0,0,0,0,1,0,0,0,1,0,1,0,0,1,0,0,1,0,1,0
6,1238,4,4,36,1,2,0,0,1,0,1,0,0,1,0,0,176.85714285714286,33.45945945945946,44.568,0,0,0,1,0,0,1,0,0,0,0,0,0,0,0,0,0,1,0,0,0,0,0,1,1,0,0,0,0,0,0,1,0,1,0,0,0,1,0,0,0,0,1,0,1,0,0,0,0,1,0,1,1,0
18,1245,4,2,33,1,1,1,0,1,0,1,0,0,0,1,0,65.52631578947368,36.61764705882353,41.085,0,1,0,0,0,0,0,0,1,0,0,0,0,1,0,0,0,0,0,1,0,0,0,0,0,0,1,0,0,0,0,0,1,1,0,0,0,0,1,0,0,0,1,0,1,0,0,0,1,0,1,0,1,0
18,3114,1,4,26,1,1,1,0,1,0,0,1,0,0,1,0,163.89473684210526,115.33333333333333,80.964,1,0,0,0,1,0,0,0,0,0,0,0,1,0,0,0,0,0,0,1,0,0,0,0,0,1,0,0,0,0,1,0,0,1,0,0,0,1,0,0,0,0,1,1,0,0,0,0,1,0,1,0,1,0
39,2569,4,4,24,1,1,0,1,0,0,0,1,0,0,0,1,64.225,102.76,61.656,0,0,0,1,0,0,1,0,0,0,1,0,0,0,0,0,0,0,0,0,0,1,0,0,0,0,1,0,0,0,0,1,0,1,0,0,0,0,1,0,0,0,1,0,1,0,0,0,1,0,1,0,1,0
24,5152,4,2,25,1,1,0,0,1,0,0,0,1,0,1,0,206.08,198.15384615384616,128.8,0,0,1,0,0,0,1,0,0,0,0,0,0,1,0,0,0,0,0,1,0,0,0,0,0,0,0,1,0,0,0,1,0,1,0,0,0,0,1,0,1,0,0,0,1,0,0,0,1,0,1,0,1,0
12,1037,3,4,39,1,1,0,0,1,0,1,0,0,1,0,0,79.76923076923077,25.925,40.443,0,1,0,0,0,0,1,0,0,0,0,0,0,0,0,0,0,0,1,0,1,0,0,0,0,0,0,1,0,0,0,1,0,1,0,0,1,0,0,0,0,0,1,0,1,0,0,1,0,0,1,0,1,0
15,1478,4,4,44,2,2,0,0,1,0,1,0,0,0,1,0,92.375,32.84444444444444,65.032,1,0,0,0,0,0,0,0,1,0,0,0,1,0,0,0,0,0,0,1,0,0,0,0,0,0,0,0,1,0,0,1,0,1,0,0,0,0,1,0,0,0,1,0,1,0,0,0,1,0,0,1,1,0
12,3573,1,1,23,1,1,0,1,0,0,0,1,0,1,0,0,274.84615384615387,148.875,82.179,0,1,0,0,0,0,0,0,1,0,0,0,0,1,0,0,0,0,0,1,0,0,0,0,0,0,1,0,0,0,1,0,0,1,0,0,1,0,0,0,0,0,1,0,1,0,0,1,0,0,1,0,1,0
24,1201,4,1,26,1,1,0,0,1,0,1,0,0,0,1,0,48.04,44.48148148148148,31.226,0,1,0,0,0,0,1,0,0,1,0,0,0,0,0,0,0,0,0,1,0,0,0,0,0,1,0,0,0,0,0,1,0,1,0,0,0,1,0,0,0,0,1,0,1,0,0,0,1,0,1,0,1,0
30,3622,4,4,57,2,1,0,0,1,0,0,1,0,0,0,1,116.83870967741936,62.44827586206897,206.454,1,0,0,0,0,0,1,0,0,0,0,0,1,0,0,0,0,0,0,0,0,0,1,0,0,0,0,0,1,0,1,0,0,1,0,0,0,1,0,0,0,0,1,1,0,0,0,0,1,0,0,1,1,0
15,960,3,2,30,2,1,0,0,1,0,1,0,0,0,1,0,60.0,30.967741935483872,28.8,0,0,0,1,0,0,0,1,0,0,0,0,1,0,0,0,0,0,0,0,0,0,1,0,0,0,0,1,0,0,1,0,0,1,0,0,0,1,0,0,0,0,1,0,1,0,0,0,1,0,1,0,1,0
12,1163,4,4,44,1,1,0,0,1,0,1,0,0,1,0,0,89.46153846153847,25.844444444444445,51.172,0,0,0,1,0,0,0,0,1,1,0,0,0,0,0,0,0,0,0,0,0,1,0,0,0,0,1,0,0,0,0,1,0,1,0,0,1,0,0,0,0,0,1,0,1,0,0,0,1,0,0,1,1,0
6,1209,4,4,47,1,1,1,0,1,0,1,0,0,1,0,0,172.71428571428572,25.1875,56.823,0,1,0,0,0,0,0,1,0,1,0,0,0,0,0,0,0,0,0,1,0,0,0,0,1,0,0,0,0,0,0,1,0,1,0,0,0,1,0,0,0,0,1,0,1,0,0,0,0,1,0,1,1,0
12,3077,2,4,52,1,1,0,0,1,0,0,1,0,1,0,0,236.69230769230768,58.056603773584904,160.004,0,0,0,1,0,0,1,0,0,0,0,0,0,1,0,0,0,0,0,1,0,0,0,0,0,0,1,0,0,0,0,1,0,1,0,0,0,0,1,0,0,0,1,0,1,0,0,0,1,0,0,1,1,0
24,3757,4,4,62,1,1,0,0,0,1,0,1,0,0,1,0,150.28,59.63492063492063,232.934,0,0,0,1,0,0,1,0,0,1,0,0,0,0,0,0,0,0,0,1,0,0,0,0,0,0,0,0,1,0,1,0,0,0,1,0,0,0,0,1,0,0,1,0,0,1,0,0,1,0,0,1,1,0
10,1418,3,2,35,1,1,0,0,1,0,1,0,0,1,0,0,128.9090909090909,39.388888888888886,49.63,0,0,0,1,0,0,1,0,0,1,0,0,0,0,0,0,0,0,0,0,1,0,0,0,0,0,1,0,0,0,0,1,0,1,0,0,1,0,0,0,0,0,1,1,0,0,0,1,0,0,1,0,0,1
6,3518,2,3,26,1,1,0,0,1,0,0,1,0,1,0,0,502.57142857142856,130.2962962962963,91.468,0,0,0,1,0,0,1,0,0,1,0,0,0,0,0,0,0,0,0,1,0,0,0,0,0,0,1,0,0,0,0,1,0,0,0,1,0,1,0,0,0,0,1,1,0,0,0,0,1,0,1,0,1,0
12,1934,2,2,26,2,1,0,0,1,0,1,0,0,1,0,0,148.76923076923077,71.62962962962963,50.284,0,0,0,1,0,0,0,0,1,0,0,0,0,1,0,0,0,0,0,1,0,0,0,0,0,0,0,0,1,0,0,1,0,1,0,0,0,0,0,1,0,0,1,0,1,0,0,0,1,0,1,0,1,0
27,8318,2,4,42,2,1,1,0,1,0,0,0,1,0,0,1,297.07142857142856,193.4418604651163,349.356,0,1,0,0,1,0,0,0,0,0,0,0,0,0,0,0,0,0,1,1,0,0,0,0,0,0,0,0,1,0,1,0,0,1,0,0,0,0,0,1,0,0,1,0,0,1,0,0,0,1,0,1,1,0
6,1237,1,1,27,2,1,0,0,1,0,1,0,0,1,0,0,176.71428571428572,44.17857142857143,33.399,0,0,0,1,0,0,0,0,1,0,0,0,0,1,0,0,0,0,0,0,1,0,0,0,0,0,1,0,0,0,1,0,0,1,0,0,0,1,0,0,0,0,1,0,1,0,0,0,1,0,1,0,1,0
6,368,4,4,38,1,1,0,0,1,0,1,0,0,1,0,0,52.57142857142857,9.435897435897436,13.984,0,1,0,0,0,0,1,0,0,0,0,0,0,1,0,0,0,0,0,0,0,0,0,1,0,0,0,0,1,0,0,1,0,1,0,0,0,1,0,0,0,0,1,0,1,0,0,0,1,0,1,0,1,0
12,2122,3,2,39,2,2,0,0,1,0,1,0,0,1,0,0,163.23076923076923,53.05,82.758,1,0,0,0,0,0,0,0,1,1,0,0,0,0,0,0,0,0,0,1,0,0,0,0,0,0,1,0,0,0,0,1,0,1,0,0,1,0,0,0,0,0,1,1,0,0,0,1,0,0,1,0,0,1
24,2996,2,4,20,1,1,1,1,0,0,0,1,0,0,1,0,119.84,142.66666666666666,59.92,1,0,0,0,0,0,1,0,0,0,0,0,1,0,0,0,0,0,0,0,0,0,0,1,0,0,1,0,0,0,0,0,1,1,0,0,0,0,1,0,0,0,1,0,1,0,0,0,1,0,1,0,1,0
36,9034,4,1,29,1,1,1,0,1,0,0,0,1,0,0,1,244.16216216216216,301.1333333333333,261.986,0,1,0,0,0,0,1,0,0,0,0,0,1,0,0,0,0,0,0,0,1,0,0,0,0,1,0,0,0,0,0,1,0,0,1,0,0,0,0,1,0,0,1,1,0,0,0,0,0,1,0,1,1,0
24,1585,4,3,40,2,1,0,0,1,0,1,0,0,0,1,0,63.4,38.65853658536585,63.4,0,0,0,1,0,0,0,0,1,0,0,0,1,0,0,0,0,0,0,1,0,0,0,0,0,0,0,1,0,0,0,1,0,1,0,0,0,1,0,0,0,0,1,0,1,0,0,0,1,0,1,0,1,0
18,1301,4,2,32,1,1,0,0,1,0,1,0,0,0,1,0,68.47368421052632,39.42424242424242,41.632,0,1,0,0,0,0,1,0,0,0,0,0,0,1,0,0,0,0,0,1,0,0,0,0,0,0,0,0,1,0,0,0,1,0,0,1,1,0,0,0,0,0,1,0,1,0,0,1,0,0,1,0,1,0
6,1323,2,4,28,2,2,0,0,1,0,1,0,0,1,0,0,189.0,45.62068965517241,37.044,0,0,1,0,0,0,0,0,1,1,0,0,0,0,0,0,0,0,0,0,1,0,0,0,0,0,0,0,1,1,0,0,0,1,0,0,0,0,1,0,0,0,1,0,1,0,0,0,1,0,0,1,1,0
24,3123,4,1,27,1,1,1,0,1,0,0,1,0,0,1,0,124.92,111.53571428571429,84.321,1,0,0,0,0,0,1,0,0,1,0,0,0,0,0,0,0,0,0,1,0,0,0,0,0,1,0,0,0,0,1,0,0,1,0,0,0,1,0,0,0,0,1,0,1,0,0,0,1,0,1,0,1,0
36,5493,2,4,42,1,2,0,0,1,0,0,0,1,0,0,1,148.45945945945945,127.74418604651163,230.706,1,0,0,0,0,0,1,0,0,0,1,0,0,0,0,0,0,0,0,1,0,0,0,0,0,0,0,0,1,0,0,1,0,1,0,0,0,0,0,1,0,0,1,0,0,1,0,0,1,0,1,0,1,0
9,1126,2,4,49,1,1,0,0,1,0,1,0,0,1,0,0,112.6,22.52,55.174,0,0,1,0,0,0,1,0,0,0,0,0,0,1,0,0,0,0,0,0,1,0,0,0,0,0,0,0,1,1,0,0,0,1,0,0,1,0,0,0,0,0,1,0,1,0,0,0,1,0,1,0,1,0
24,1216,4,4,38,2,2,1,0,1,0,1,0,0,0,1,0,48.64,31.17948717948718,46.208,0,1,0,0,0,0,0,0,1,0,0,0,0,1,0,0,0,0,0,0,1,0,0,0,0,1,0,0,0,0,0,1,0,1,0,0,0,0,0,1,1,0,0,0,1,0,0,0,1,0,1,0,1,0
24,1207,4,4,24,1,1,1,1,0,0,1,0,0,0,1,0,48.28,48.28,28.968,1,0,0,0,0,0,1,0,0,1,0,0,0,0,0,0,0,0,0,1,0,0,0,0,0,1,0,0,0,0,1,0,0,1,0,0,0,1,0,0,0,0,1,1,0,0,0,0,1,0,1,0,1,0
10,1309,4,4,27,1,1,1,0,1,0,1,0,0,1,0,0,119.0,46.75,35.343,0,0,0,1,0,0,1,0,0,1,0,0,0,0,0,0,0,0,0,0,0,0,0,1,0,0,1,0,0,0,0,1,0,0,0,1,0,1,0,0,0,0,1,0,1,0,0,1,0,0,1,0,1,0
15,2360,2,2,36,1,1,0,0,1,0,1,0,0,0,1,0,147.5,63.78378378378378,84.96,0,0,1,0,0,0,0,0,1,0,1,0,0,0,0,0,0,0,0,0,0,1,0,0,0,0,1,0,0,0,0,1,0,1,0,0,0,0,1,0,0,0,1,0,1,0,0,0,1,0,0,1,1,0
15,6850,1,2,34,1,2,1,0,1,0,0,0,1,0,1,0,428.125,195.71428571428572,232.9,0,1,0,0,0,1,0,0,0,1,0,0,0,0,0,0,0,0,0,0,1,0,0,0,1,0,0,0,0,0,0,1,0,1,0,0,0,1,0,0,0,0,1,0,1,0,0,0,0,1,0,1,1,0
24,1413,4,2,28,1,1,0,0,1,0,1,0,0,0,1,0,56.52,48.724137931034484,39.564,0,0,0,1,0,0,1,0,0,0,0,0,0,1,0,0,0,0,0,1,0,0,0,0,0,0,1,0,0,0,0,0,1,1,0,0,0,1,0,0,0,0,1,0,1,0,0,0,1,0,1,0,1,0
39,8588,4,2,45,1,1,0,0,1,0,0,0,1,0,0,1,214.7,186.69565217391303,386.46,0,0,0,1,0,0,1,0,0,0,1,0,0,0,0,0,0,0,0,0,1,0,0,0,0,0,0,0,1,0,0,1,0,1,0,0,0,0,1,0,0,0,1,0,1,0,0,0,0,1,0,1,1,0
12,759,4,2,26,1,1,1,0,1,0,1,0,0,1,0,0,58.38461538461539,28.11111111111111,19.734,1,0,0,0,0,0,1,0,0,1,0,0,0,0,0,0,0,0,0,1,0,0,0,0,0,0,0,1,0,0,0,1,0,1,0,0,1,0,0,0,0,0,1,0,1,0,0,0,1,0,1,0,1,0
36,4686,2,2,32,1,1,0,0,1,0,0,1,0,0,0,1,126.64864864864865,142.0,149.952,0,0,0,1,0,0,1,0,0,0,1,0,0,0,0,0,0,0,0,1,0,0,0,0,0,0,1,0,0,0,0,1,0,1,0,0,0,0,0,1,0,0,1,0,0,1,0,0,0,1,0,1,1,0
15,2687,2,4,26,1,1,0,0,1,0,0,1,0,0,1,0,167.9375,99.51851851851852,69.862,0,0,1,0,0,0,1,0,0,0,0,0,0,0,0,0,0,0,1,1,0,0,0,0,0,0,0,1,0,0,0,1,0,1,0,0,0,1,0,0,0,0,1,1,0,0,0,0,1,0,0,1,1,0
12,585,4,4,20,2,1,0,1,0,0,1,0,0,1,0,0,45.0,27.857142857142858,11.7,0,1,0,0,0,0,0,1,0,0,0,0,0,1,0,0,0,0,0,1,0,0,0,0,0,0,1,0,0,0,0,0,1,0,1,0,1,0,0,0,0,0,1,1,0,0,0,0,1,0,1,0,1,0
24,2255,4,1,54,1,1,0,0,1,0,1,0,0,0,1,0,90.2,41.0,121.77,0,0,0,1,0,0,1,0,0,1,0,0,0,0,0,0,0,0,0,0,0,0,0,1,0,1,0,0,0,0,0,1,0,1,0,0,0,1,0,0,0,0,1,0,1,0,0,0,1,0,1,0,1,0
6,609,4,3,37,2,1,0,0,1,0,1,0,0,1,0,0,87.0,16.026315789473685,22.533,1,0,0,0,0,0,0,0,1,1,0,0,0,0,0,0,0,0,0,1,0,0,0,0,0,0,0,1,0,0,1,0,0,1,0,0,0,1,0,0,0,0,1,0,1,0,0,0,1,0,1,0,0,1
6,1361,2,4,40,1,2,0,0,1,0,1,0,0,1,0,0,194.42857142857142,33.19512195121951,54.44,1,0,0,0,0,0,0,0,1,1,0,0,0,0,0,0,0,0,0,1,0,0,0,0,0,1,0,0,0,0,0,1,0,1,0,0,1,0,0,0,0,0,1,0,1,0,0,1,0,0,1,0,0,1
36,7127,2,4,23,2,1,1,1,0,0,0,0,1,0,0,1,192.6216216216216,296.9583333333333,163.921,0,0,0,1,0,0,0,0,1,0,0,0,1,0,0,0,0,0,0,1,0,0,0,0,0,1,0,0,0,0,1,0,0,1,0,0,0,1,0,0,0,0,1,1,0,0,0,0,1,0,0,1,1,0
6,1203,3,2,43,1,1,0,0,1,0,1,0,0,1,0,0,171.85714285714286,27.34090909090909,51.729,1,0,0,0,0,0,1,0,0,1,0,0,0,0,0,0,0,0,0,0,1,0,0,0,0,0,0,0,1,0,0,1,0,1,0,0,0,1,0,0,0,0,1,0,1,0,0,0,1,0,0,1,1,0
6,700,4,4,36,2,1,0,0,1,0,1,0,0,1,0,0,100.0,18.91891891891892,25.2,0,0,0,1,0,0,0,0,1,0,0,0,0,1,0,0,0,0,0,0,0,0,0,1,0,0,0,0,1,0,0,1,0,1,0,0,0,0,0,1,0,0,1,0,0,1,0,0,1,0,1,0,1,0
24,5507,3,4,44,2,1,0,0,1,0,0,0,1,0,1,0,220.28,122.37777777777778,242.308,0,0,0,1,0,0,0,0,1,0,0,0,0,0,0,1,0,0,0,1,0,0,0,0,0,0,0,0,1,0,0,1,0,1,0,0,0,0,0,1,0,0,1,0,0,1,0,0,1,0,1,0,1,0
18,3190,2,2,24,1,1,1,1,0,0,0,1,0,0,1,0,167.89473684210526,127.6,76.56,1,0,0,0,0,0,1,0,0,0,0,0,0,1,0,0,0,0,0,1,0,0,0,0,0,0,1,0,0,0,1,0,0,1,0,0,1,0,0,0,0,0,1,0,1,0,0,0,1,0,1,0,1,0
48,7119,3,4,53,2,2,1,0,1,0,0,0,1,0,0,1,145.28571428571428,131.83333333333334,377.307,1,0,0,0,1,0,0,0,0,0,0,0,1,0,0,0,0,0,0,1,0,0,0,0,0,0,1,0,0,0,0,1,0,1,0,0,0,0,0,1,0,0,1,0,0,1,0,0,1,0,1,0,1,0
24,3488,3,4,23,1,1,0,1,0,0,0,1,0,0,1,0,139.52,145.33333333333334,80.224,0,0,0,1,0,0,1,0,0,0,1,0,0,0,0,0,0,0,0,0,1,0,0,0,0,0,0,1,0,0,1,0,0,1,0,0,0,0,1,0,0,0,1,0,1,0,0,0,1,0,1,0,1,0
18,1113,4,4,26,1,2,0,0,1,0,1,0,0,0,1,0,58.578947368421055,41.22222222222222,28.938,0,1,0,0,0,0,1,0,0,0,0,0,0,1,0,0,0,0,0,1,0,0,0,0,0,0,1,0,0,0,1,0,0,0,0,1,1,0,0,0,0,0,1,0,1,0,0,1,0,0,1,0,1,0
26,7966,2,3,30,2,1,0,0,1,0,0,0,1,0,0,1,295.037037037037,256.96774193548384,238.98,0,1,0,0,0,0,1,0,0,0,1,0,0,0,0,0,0,0,0,1,0,0,0,0,0,1,0,0,0,0,0,1,0,1,0,0,0,0,1,0,0,0,1,0,1,0,0,0,1,0,1,0,1,0
15,1532,4,3,31,1,1,0,0,1,0,1,0,0,0,1,0,95.75,47.875,47.492,0,0,0,1,0,0,0,0,1,0,0,0,0,0,0,0,1,0,0,0,1,0,0,0,0,0,1,0,0,0,1,0,0,1,0,0,0,0,1,0,0,0,1,0,1,0,0,0,1,0,1,0,1,0
4,1503,2,1,42,2,2,0,0,1,0,1,0,0,1,0,0,300.6,34.95348837209303,63.126,0,0,0,1,0,0,0,0,1,0,0,0,0,1,0,0,0,0,0,1,0,0,0,0,0,0,0,1,0,0,0,1,0,1,0,0,1,0,0,0,0,0,1,0,1,0,0,1,0,0,1,0,1,0
36,2302,4,4,31,1,1,1,0,1,0,1,0,0,0,0,1,62.21621621621622,71.9375,71.362,1,0,0,0,0,0,1,0,0,0,0,0,0,1,0,0,0,0,0,1,0,0,0,0,0,0,1,0,0,1,0,0,0,1,0,0,0,0,1,0,0,0,1,1,0,0,0,0,1,0,1,0,1,0
6,662,3,4,41,1,2,0,0,1,0,1,0,0,1,0,0,94.57142857142857,15.761904761904763,27.142,1,0,0,0,0,0,1,0,0,1,0,0,0,0,0,0,0,0,0,1,0,0,0,0,0,1,0,0,0,0,0,1,0,1,0,0,1,0,0,0,0,0,1,0,1,0,0,1,0,0,0,1,1,0
36,2273,3,1,32,2,2,0,0,1,0,1,0,0,0,0,1,61.432432432432435,68.87878787878788,72.736,0,1,0,0,0,0,1,0,0,0,0,0,0,0,0,0,1,0,0,1,0,0,0,0,0,0,0,1,0,0,0,1,0,1,0,0,0,0,1,0,0,0,1,0,1,0,0,0,1,0,1,0,1,0
15,2631,2,4,28,2,1,1,0,1,0,0,1,0,0,1,0,164.4375,90.72413793103448,73.668,0,1,0,0,0,0,1,0,0,1,0,0,0,0,0,0,0,0,0,0,1,0,0,0,0,0,1,0,0,0,1,0,0,1,0,0,0,0,1,0,0,0,1,1,0,0,0,0,1,0,0,1,1,0
12,1503,4,4,41,1,1,0,0,1,0,1,0,0,1,0,0,115.61538461538461,35.785714285714285,61.623,0,0,0,1,0,0,0,1,0,0,1,0,0,0,0,0,0,0,0,1,0,0,0,0,0,0,1,0,0,0,0,0,1,1,0,0,1,0,0,0,0,0,1,1,0,0,0,0,1,0,1,0,1,0
24,1311,4,3,26,1,1,0,0,1,0,1,0,0,0,1,0,52.44,48.55555555555556,34.086,0,0,0,1,0,0,1,0,0,0,0,0,0,1,0,0,0,0,0,0,1,0,0,0,0,0,0,1,0,0,0,0,1,1,0,0,0,1,0,0,0,0,1,0,1,0,0,0,1,0,0,1,1,0
24,3105,4,2,25,2,1,0,0,1,0,0,1,0,0,1,0,124.2,119.42307692307692,77.625,0,0,0,1,0,0,1,0,0,0,0,0,0,1,0,0,0,0,0,0,0,0,0,1,0,1,0,0,0,0,0,1,0,1,0,0,0,0,1,0,0,0,1,0,1,0,0,0,1,0,1,0,1,0
21,2319,2,1,33,1,1,1,0,1,0,1,0,0,0,1,0,105.4090909090909,68.20588235294117,76.527,0,0,1,0,0,0,0,0,1,0,0,0,0,0,0,0,1,0,0,1,0,0,0,0,0,1,0,0,0,1,0,0,0,1,0,0,0,0,1,0,0,0,1,1,0,0,0,0,1,0,1,0,1,0
6,1374,4,3,75,1,1,0,0,0,1,1,0,0,1,0,0,196.28571428571428,18.07894736842105,103.05,1,0,0,0,0,0,1,0,0,1,0,0,0,0,0,0,0,0,0,0,0,0,0,1,1,0,0,0,0,0,1,0,0,1,0,0,0,1,0,0,0,0,1,0,1,0,0,0,0,1,0,1,1,0
18,3612,3,4,37,1,1,0,0,1,0,0,1,0,0,1,0,190.10526315789474,95.05263157894737,133.644,0,1,0,0,0,0,0,0,1,0,0,0,1,0,0,0,0,0,0,1,0,0,0,0,0,0,0,0,1,0,1,0,0,1,0,0,0,1,0,0,0,0,1,0,1,0,0,0,1,0,0,1,1,0
48,7763,4,4,42,1,1,1,0,1,0,0,0,1,0,0,1,158.42857142857142,180.53488372093022,326.046,1,0,0,0,0,0,1,0,0,1,0,0,0,0,0,0,0,0,0,1,0,0,0,0,0,0,0,0,1,0,0,1,0,1,0,0,0,0,0,1,1,0,0,0,0,1,0,0,0,1,1,0,1,0
18,3049,1,1,45,1,1,0,0,1,0,0,1,0,0,1,0,160.47368421052633,66.28260869565217,137.205,0,0,1,0,0,0,1,0,0,0,0,0,1,0,0,0,0,0,0,1,0,0,0,0,0,1,0,0,0,0,1,0,0,1,0,0,0,1,0,0,0,1,0,0,1,0,0,1,0,0,1,0,1,0
12,1534,1,1,23,1,1,1,1,0,0,1,0,0,1,0,0,118.0,63.916666666666664,35.282,0,1,0,0,0,0,1,0,0,0,0,0,0,1,0,0,0,0,0,1,0,0,0,0,0,1,0,0,0,0,0,0,1,1,0,0,1,0,0,0,0,0,1,1,0,0,0,0,1,0,1,0,1,0
24,2032,4,4,60,2,1,0,0,0,1,1,0,0,0,1,0,81.28,33.31147540983606,121.92,0,0,0,1,0,0,0,1,0,1,0,0,0,0,0,0,0,0,0,1,0,0,0,0,0,0,0,0,1,0,0,1,0,1,0,0,0,0,0,1,0,0,1,0,0,1,0,0,1,0,0,1,1,0
30,6350,4,4,31,1,1,1,0,1,0,0,0,1,0,0,1,204.83870967741936,198.4375,196.85,1,0,0,0,0,0,1,0,0,0,0,0,1,0,0,0,0,0,0,0,0,0,0,1,0,0,0,0,1,0,0,1,0,1,0,0,0,1,0,0,0,0,1,0,1,0,0,0,1,0,1,0,1,0
18,2864,2,1,34,1,2,1,0,1,0,0,1,0,0,1,0,150.73684210526315,81.82857142857142,97.376,0,0,1,0,0,0,1,0,0,0,0,0,1,0,0,0,0,0,0,1,0,0,0,0,0,0,1,0,0,0,0,1,0,1,0,0,1,0,0,0,0,0,1,0,1,0,0,1,0,0,1,0,1,0
12,1255,4,4,61,2,1,0,0,0,1,1,0,0,1,0,0,96.53846153846153,20.241935483870968,76.555,0,0,0,1,0,0,0,0,1,1,0,0,0,0,0,0,0,0,0,1,0,0,0,0,0,0,0,0,1,0,0,1,0,1,0,0,1,0,0,0,0,0,1,0,1,0,0,1,0,0,1,0,1,0
24,1333,4,2,43,2,2,1,0,1,0,1,0,0,0,1,0,53.32,30.295454545454547,57.319,1,0,0,0,0,0,0,1,0,1,0,0,0,0,0,0,0,0,0,1,0,0,0,0,1,0,0,0,0,0,0,1,0,1,0,0,1,0,0,0,0,0,1,0,0,1,0,0,1,0,1,0,1,0
24,2022,4,4,37,1,1,0,0,1,0,1,0,0,0,1,0,80.88,53.21052631578947,74.814,0,0,0,1,0,0,0,0,1,1,0,0,0,0,0,0,0,0,0,1,0,0,0,0,0,0,1,0,0,0,1,0,0,1,0,0,0,0,1,0,0,0,1,0,1,0,0,0,1,0,0,1,1,0
24,1552,3,1,32,1,2,0,0,1,0,1,0,0,0,1,0,62.08,47.03030303030303,49.664,0,0,0,1,0,0,1,0,0,0,0,0,0,1,0,0,0,0,0,1,0,0,0,0,0,0,0,1,0,0,0,1,0,1,0,0,0,0,1,0,1,0,0,0,1,0,0,0,1,0,1,0,1,0
12,626,4,4,24,1,1,1,1,0,0,1,0,0,1,0,0,48.15384615384615,25.04,15.024,1,0,0,0,0,1,0,0,0,0,0,0,0,1,0,0,0,0,0,1,0,0,0,0,0,0,1,0,0,0,1,0,0,1,0,0,1,0,0,0,1,0,0,0,1,0,0,1,0,0,1,0,1,0
48,8858,2,1,35,2,1,0,0,1,0,0,0,1,0,0,1,180.77551020408163,246.05555555555554,310.03,0,0,0,1,0,0,0,0,1,0,1,0,0,0,0,0,0,0,0,0,0,0,0,1,0,0,0,1,0,0,0,1,0,1,0,0,0,0,0,1,0,0,1,0,0,1,0,0,1,0,0,1,1,0
12,996,4,4,23,2,1,0,1,0,0,1,0,0,1,0,0,76.61538461538461,41.5,22.908,0,0,0,1,0,0,0,0,1,0,0,0,0,0,0,1,0,0,0,0,0,0,0,1,0,0,0,1,0,0,1,0,0,1,0,0,1,0,0,0,0,0,1,0,1,0,0,0,1,0,1,0,1,0
6,1750,2,4,45,1,2,0,0,1,0,1,0,0,1,0,0,250.0,38.04347826086956,78.75,0,0,0,1,0,1,0,0,0,0,0,0,0,1,0,0,0,0,0,0,0,1,0,0,0,0,0,0,1,0,0,1,0,1,0,0,0,1,0,0,1,0,0,0,1,0,0,1,0,0,1,0,1,0
48,6999,1,1,34,2,1,1,0,1,0,0,0,1,0,0,1,142.83673469387756,199.97142857142856,237.966,1,0,0,0,0,0,1,0,0,0,0,0,0,1,0,0,0,0,0,1,0,0,0,0,0,0,0,1,0,0,0,0,1,0,0,1,1,0,0,0,0,0,1,0,1,0,0,0,1,0,0,1,1,0
12,1995,4,1,27,1,1,0,0,1,0,1,0,0,1,0,0,153.46153846153845,71.25,53.865,0,1,0,0,0,0,0,0,1,1,0,0,0,0,0,0,0,0,0,0,1,0,0,0,0,1,0,0,0,0,0,1,0,1,0,0,0,0,1,0,0,0,1,0,1,0,0,0,1,0,1,0,1,0
9,1199,4,4,67,2,1,0,0,0,1,1,0,0,1,0,0,119.9,17.63235294117647,80.333,0,1,0,0,0,0,1,0,0,0,0,0,0,0,0,0,1,0,0,1,0,0,0,0,0,0,0,1,0,0,1,0,0,1,0,0,0,1,0,0,0,0,1,0,1,0,0,0,0,1,0,1,1,0
12,1331,2,1,22,1,1,1,1,0,0,1,0,0,1,0,0,102.38461538461539,57.869565217391305,29.282,0,1,0,0,0,0,1,0,0,0,0,0,0,1,0,0,0,0,0,1,0,0,0,0,0,1,0,0,0,0,0,1,0,1,0,0,0,0,1,0,0,1,0,0,1,0,0,0,1,0,1,0,1,0
18,2278,3,3,28,2,1,1,0,1,0,1,0,0,0,1,0,119.89473684210526,78.55172413793103,63.784,0,1,0,0,1,0,0,0,0,1,0,0,0,0,0,0,0,0,0,0,1,0,0,0,0,1,0,0,0,0,1,0,0,1,0,0,0,0,1,0,0,0,1,0,1,0,0,0,1,0,1,0,1,0
21,5003,1,4,29,2,1,1,0,1,0,0,0,1,0,1,0,227.4090909090909,166.76666666666668,145.087,0,0,0,1,1,0,0,0,0,1,0,0,0,0,0,0,0,0,0,0,0,0,0,1,0,0,1,0,0,0,1,0,0,1,0,0,0,1,0,0,1,0,0,0,1,0,0,0,1,0,0,1,1,0
24,3552,3,4,27,1,1,1,0,1,0,0,1,0,0,1,0,142.08,126.85714285714286,95.904,1,0,0,0,0,1,0,0,0,0,0,0,1,0,0,0,0,0,0,1,0,0,0,0,0,0,0,1,0,0,0,1,0,1,0,0,0,0,1,0,1,0,0,0,1,0,0,0,1,0,1,0,1,0
18,1928,2,2,31,2,1,1,0,1,0,1,0,0,0,1,0,101.47368421052632,60.25,59.768,0,1,0,0,0,0,0,0,1,0,0,0,1,0,0,0,0,0,0,1,0,0,0,0,0,1,0,0,0,0,0,1,0,1,0,0,1,0,0,0,0,0,1,0,1,0,0,1,0,0,1,0,1,0
24,2964,4,4,49,1,2,0,0,1,0,0,1,0,0,1,0,118.56,59.28,145.236,1,0,0,0,0,0,1,0,0,0,1,0,0,0,0,0,0,0,0,0,0,0,0,1,0,0,0,0,1,0,0,1,0,1,0,0,0,0,0,1,1,0,0,0,0,1,0,0,1,0,0,1,1,0
24,1546,4,4,24,1,1,1,1,0,0,1,0,0,0,1,0,61.84,61.84,37.104,1,0,0,0,0,1,0,0,0,0,0,0,0,1,0,0,0,0,0,1,0,0,0,0,0,0,0,1,0,0,0,1,0,0,0,1,0,0,1,0,1,0,0,1,0,0,0,1,0,0,1,0,1,0
6,683,2,1,29,1,1,0,0,1,0,1,0,0,1,0,0,97.57142857142857,22.766666666666666,19.807,0,0,1,0,0,0,0,1,0,0,0,0,0,1,0,0,0,0,0,1,0,0,0,0,0,1,0,0,0,0,1,0,0,1,0,0,0,1,0,0,1,0,0,0,1,0,0,0,1,0,1,0,1,0
36,12389,1,4,37,1,1,1,0,1,0,0,0,1,0,0,1,334.8378378378378,326.0263157894737,458.393,0,1,0,0,0,0,1,0,0,1,0,0,0,0,0,0,0,0,0,0,0,0,0,1,0,0,1,0,0,0,0,1,0,1,0,0,0,0,0,1,0,0,1,0,0,1,0,0,1,0,0,1,1,0
24,4712,4,2,37,2,1,0,0,1,0,0,1,0,0,1,0,188.48,124.0,174.344,0,1,0,0,0,0,0,1,0,0,0,0,0,0,0,0,0,0,1,0,0,0,0,1,0,0,1,0,0,0,0,1,0,1,0,0,0,1,0,0,1,0,0,0,1,0,0,0,0,1,0,1,1,0
24,1553,3,2,23,2,1,0,1,0,0,1,0,0,0,1,0,62.12,64.70833333333333,35.719,0,1,0,0,0,0,0,1,0,0,0,0,0,1,0,0,0,0,0,0,1,0,0,0,0,0,0,1,0,0,1,0,0,1,0,0,0,1,0,0,0,0,1,1,0,0,0,0,1,0,0,1,1,0
12,1372,2,3,36,1,1,1,0,1,0,1,0,0,1,0,0,105.53846153846153,37.08108108108108,49.392,1,0,0,0,0,0,1,0,0,1,0,0,0,0,0,0,0,0,0,1,0,0,0,0,0,0,0,1,0,1,0,0,0,1,0,0,0,0,1,0,0,0,1,0,1,0,0,0,1,0,1,0,1,0
24,2578,2,2,34,1,1,0,0,1,0,0,1,0,0,1,0,103.12,73.65714285714286,87.652,0,0,0,1,0,0,0,0,1,0,0,0,0,1,0,0,0,0,0,0,0,0,1,0,0,0,0,0,1,0,0,1,0,1,0,0,0,0,1,0,0,0,1,0,1,0,0,0,1,0,1,0,1,0
48,3979,4,1,41,2,2,0,0,1,0,0,1,0,0,0,1,81.20408163265306,94.73809523809524,163.139,0,1,0,0,0,0,1,0,0,0,0,0,0,1,0,0,0,0,0,0,0,0,0,1,0,0,0,1,0,0,0,1,0,1,0,0,0,0,1,0,0,0,1,0,1,0,0,0,1,0,0,1,1,0
48,6758,3,2,31,1,1,1,0,1,0,0,0,1,0,0,1,137.91836734693877,211.1875,209.498,1,0,0,0,0,0,1,0,0,0,0,0,0,1,0,0,0,0,0,1,0,0,0,0,0,0,1,0,0,0,1,0,0,1,0,0,0,0,1,0,0,0,1,0,1,0,0,0,1,0,0,1,1,0
24,3234,4,4,23,1,1,1,1,0,0,0,1,0,0,1,0,129.36,134.75,74.382,1,0,0,0,0,0,1,0,0,0,0,0,1,0,0,0,0,0,0,1,0,0,0,0,0,1,0,0,0,0,1,0,0,1,0,0,1,0,0,0,0,0,1,1,0,0,0,1,0,0,0,1,1,0
30,5954,3,2,38,1,1,0,0,1,0,0,0,1,0,0,1,192.06451612903226,152.66666666666666,226.252,0,0,0,1,0,0,0,0,1,0,0,0,0,1,0,0,0,0,0,1,0,0,0,0,0,0,0,1,0,0,0,1,0,0,1,0,0,0,1,0,0,0,1,0,1,0,0,0,1,0,1,0,1,0
24,5433,2,4,26,1,1,0,0,1,0,0,0,1,0,1,0,217.32,201.22222222222223,141.258,0,0,0,1,0,0,1,0,0,0,1,0,0,0,0,0,0,0,0,0,0,0,0,1,1,0,0,0,0,0,1,0,0,1,0,0,0,1,0,0,0,0,1,1,0,0,0,0,0,1,0,1,1,0
15,806,4,4,22,1,1,0,1,0,0,1,0,0,0,1,0,50.375,35.04347826086956,17.732,1,0,0,0,0,0,1,0,0,0,0,0,0,0,0,0,0,0,1,1,0,0,0,0,0,0,1,0,0,0,1,0,0,1,0,0,0,1,0,0,0,0,1,0,1,0,0,1,0,0,1,0,1,0
9,1082,4,4,27,2,1,0,0,1,0,1,0,0,1,0,0,108.2,38.642857142857146,29.214,0,1,0,0,0,0,1,0,0,0,0,0,0,1,0,0,0,0,0,1,0,0,0,0,0,0,0,0,1,0,0,1,0,1,0,0,0,0,1,0,0,0,1,0,1,0,0,1,0,0,1,0,1,0
15,2788,2,3,24,2,1,0,1,0,0,0,1,0,0,1,0,174.25,111.52,66.912,0,0,0,1,0,0,0,0,1,0,0,0,1,0,0,0,0,0,0,1,0,0,0,0,0,0,0,1,0,0,1,0,0,0,1,0,0,0,1,0,1,0,0,0,1,0,0,0,1,0,1,0,1,0
12,2930,2,1,27,1,1,0,0,1,0,0,1,0,1,0,0,225.3846153846154,104.64285714285714,79.11,0,1,0,0,0,0,1,0,0,0,0,0,0,1,0,0,0,0,0,1,0,0,0,0,0,0,0,1,0,0,1,0,0,1,0,0,1,0,0,0,0,0,1,0,1,0,0,0,1,0,1,0,1,0
24,1927,3,2,33,2,1,0,0,1,0,1,0,0,0,1,0,77.08,56.6764705882353,63.591,0,0,0,1,0,0,0,0,1,0,0,0,0,0,0,0,1,0,0,0,0,0,0,1,0,0,1,0,0,0,1,0,0,1,0,0,0,0,1,0,0,0,1,0,1,0,0,0,1,0,0,1,1,0
36,2820,4,4,27,2,1,1,0,1,0,0,1,0,0,0,1,76.21621621621621,100.71428571428571,76.14,0,1,0,0,0,0,0,0,1,1,0,0,0,0,0,0,0,0,0,1,0,0,0,0,0,1,0,0,0,1,0,0,0,1,0,0,0,0,1,0,0,0,1,0,1,0,0,0,1,0,1,0,1,0
24,937,4,3,27,2,1,0,0,1,0,1,0,0,0,1,0,37.48,33.464285714285715,25.299,0,0,0,1,0,0,1,0,0,0,0,0,0,0,0,0,0,1,0,1,0,0,0,0,0,1,0,0,0,0,0,0,1,1,0,0,0,0,1,0,0,0,1,0,1,0,0,1,0,0,1,0,1,0
18,1056,3,3,30,2,1,1,0,1,0,1,0,0,0,1,0,55.578947368421055,34.064516129032256,31.68,0,1,0,0,0,0,0,0,1,1,0,0,0,0,0,0,0,0,0,1,0,0,0,0,0,0,0,0,1,0,0,1,0,0,0,1,1,0,0,0,1,0,0,0,1,0,0,0,1,0,1,0,1,0
12,3124,1,3,49,2,2,0,0,1,0,0,1,0,1,0,0,240.30769230769232,62.48,153.076,0,1,0,0,0,0,0,0,1,1,0,0,0,0,0,0,0,0,0,1,0,0,0,0,0,1,0,0,0,0,0,1,0,1,0,0,1,0,0,0,1,0,0,0,1,0,0,1,0,0,1,0,1,0
9,1388,4,2,26,1,1,0,0,1,0,1,0,0,1,0,0,138.8,51.407407407407405,36.088,0,0,0,1,0,0,1,0,0,0,0,0,1,0,0,0,0,0,0,1,0,0,0,0,0,0,1,0,0,0,1,0,0,1,0,0,1,0,0,0,0,0,1,1,0,0,0,0,1,0,1,0,1,0
36,2384,4,1,33,1,1,1,0,1,0,1,0,0,0,0,1,64.43243243243244,70.11764705882354,78.672,0,1,0,0,0,0,1,0,0,0,0,0,0,0,0,1,0,0,0,1,0,0,0,0,0,1,0,0,0,0,0,1,0,1,0,0,0,0,0,1,0,0,1,1,0,0,0,1,0,0,1,0,1,0
12,2133,4,4,52,1,1,0,0,1,0,1,0,0,1,0,0,164.07692307692307,40.24528301886792,110.916,0,0,0,1,0,0,1,0,0,1,0,0,0,0,0,0,0,0,0,0,0,0,0,1,0,0,0,0,1,0,1,0,0,1,0,0,0,0,0,1,0,0,1,0,0,1,0,0,0,1,0,1,1,0
18,2039,1,4,20,1,1,1,1,0,0,1,0,0,0,1,0,107.3157894736842,97.0952380952381,40.78,1,0,0,0,0,0,1,0,0,0,0,0,1,0,0,0,0,0,0,1,0,0,0,0,0,0,1,0,0,0,1,0,0,1,0,0,1,0,0,0,1,0,0,1,0,0,0,0,1,0,1,0,1,0
9,2799,2,2,36,2,2,0,0,1,0,0,1,0,1,0,0,279.9,75.64864864864865,100.764,1,0,0,0,0,0,0,0,1,1,0,0,0,0,0,0,0,0,0,1,0,0,0,0,0,0,1,0,0,0,0,1,0,1,0,0,1,0,0,0,0,0,1,1,0,0,0,0,1,0,1,0,1,0
12,1289,4,1,21,1,1,0,1,0,0,1,0,0,1,0,0,99.15384615384616,58.59090909090909,27.069,1,0,0,0,0,0,1,0,0,0,0,0,1,0,0,0,0,0,0,1,0,0,0,0,0,0,1,0,0,0,0,1,0,0,0,1,0,1,0,0,0,0,1,0,1,0,0,1,0,0,1,0,1,0
18,1217,4,3,47,1,1,1,0,1,0,1,0,0,0,1,0,64.05263157894737,25.354166666666668,57.199,1,0,0,0,0,0,1,0,0,0,0,0,0,0,1,0,0,0,0,1,0,0,0,0,0,0,1,0,0,0,0,0,1,1,0,0,1,0,0,0,0,0,1,0,1,0,0,1,0,0,0,1,1,0
12,2246,3,3,60,2,1,1,0,0,1,1,0,0,1,0,0,172.76923076923077,36.81967213114754,134.76,1,0,0,0,0,0,0,0,1,0,0,0,1,0,0,0,0,0,0,1,0,0,0,0,0,0,0,0,1,0,0,1,0,1,0,0,0,1,0,0,0,0,1,0,1,0,0,0,1,0,1,0,1,0
12,385,4,3,58,4,1,0,0,1,0,1,0,0,1,0,0,29.615384615384617,6.52542372881356,22.33,1,0,0,0,0,0,0,0,1,0,0,0,0,1,0,0,0,0,0,1,0,0,0,0,0,0,0,1,0,0,1,0,0,1,0,0,1,0,0,0,0,0,1,0,1,0,0,1,0,0,0,1,1,0
24,1965,4,4,42,2,1,0,0,1,0,1,0,0,0,1,0,78.6,45.69767441860465,82.53,0,1,0,0,0,0,0,1,0,1,0,0,0,0,0,0,0,0,0,0,0,0,0,1,0,0,1,0,0,0,1,0,0,1,0,0,0,0,1,0,0,0,1,1,0,0,0,0,1,0,0,1,1,0
21,1572,4,4,36,1,1,0,0,1,0,1,0,0,0,1,0,71.45454545454545,42.486486486486484,56.592,0,0,0,1,0,0,1,0,0,0,0,0,0,0,0,0,0,0,1,0,0,0,1,0,0,0,0,0,1,0,1,0,0,1,0,0,1,0,0,0,1,0,0,0,1,0,0,1,0,0,1,0,1,0
24,2718,3,4,20,1,1,1,1,0,0,0,1,0,0,1,0,108.72,129.42857142857142,54.36,0,1,0,0,0,0,1,0,0,1,0,0,0,0,0,0,0,0,0,1,0,0,0,0,0,0,1,0,0,0,1,0,0,1,0,0,0,1,0,0,0,0,1,1,0,0,0,1,0,0,0,1,1,0
24,1358,4,3,40,1,1,1,0,1,0,1,0,0,0,1,0,54.32,33.1219512195122,54.32,1,0,0,0,0,1,0,0,0,0,0,1,0,0,0,0,0,0,0,0,0,0,0,1,0,0,0,0,1,0,0,1,0,1,0,0,0,0,1,0,0,1,0,0,1,0,0,0,0,1,0,1,1,0
6,931,1,1,32,1,1,1,0,1,0,1,0,0,1,0,0,133.0,28.21212121212121,29.792,0,1,0,0,0,1,0,0,0,1,0,0,0,0,0,0,0,0,0,0,1,0,0,0,0,1,0,0,0,0,1,0,0,1,0,0,0,1,0,0,0,1,0,0,1,0,0,1,0,0,1,0,1,0
24,1442,4,4,23,2,1,1,1,0,0,1,0,0,0,1,0,57.68,60.083333333333336,33.166,1,0,0,0,0,0,1,0,0,1,0,0,0,0,0,0,0,0,0,1,0,0,0,0,0,0,0,1,0,0,1,0,0,1,0,0,0,0,1,0,0,0,1,1,0,0,0,0,1,0,1,0,1,0
24,4241,1,4,36,3,1,1,0,1,0,0,1,0,0,1,0,169.64,114.62162162162163,152.676,0,1,0,0,1,0,0,0,0,0,0,0,0,0,0,0,0,0,1,1,0,0,0,0,0,0,1,0,0,0,0,1,0,1,0,0,1,0,0,0,0,0,1,0,1,0,0,1,0,0,0,1,1,0
18,2775,2,2,31,2,1,1,0,1,0,0,1,0,0,1,0,146.05263157894737,86.71875,86.025,0,0,0,1,0,0,0,0,1,1,0,0,0,0,0,0,0,0,0,1,0,0,0,0,0,0,0,1,0,0,0,1,0,1,0,0,0,1,0,0,1,0,0,0,1,0,0,0,1,0,1,0,1,0
24,3863,1,2,32,1,1,0,0,1,0,0,1,0,0,1,0,154.52,117.06060606060606,123.616,0,0,0,1,0,0,0,1,0,0,0,0,0,0,0,0,0,0,1,1,0,0,0,0,0,0,1,0,0,0,0,1,0,1,0,0,0,0,0,1,0,0,1,0,0,1,0,0,1,0,1,0,1,0
7,2329,1,1,45,1,1,0,0,1,0,1,0,0,1,0,0,291.125,50.630434782608695,104.805,0,1,0,0,0,0,1,0,0,0,0,0,0,1,0,0,0,0,0,1,0,0,0,0,0,1,0,0,0,0,1,0,0,0,0,1,1,0,0,0,0,0,1,0,1,0,0,0,1,0,1,0,1,0
9,918,4,1,30,1,1,1,0,1,0,1,0,0,1,0,0,91.8,29.612903225806452,27.54,0,1,0,0,0,0,1,0,0,0,0,0,1,0,0,0,0,0,0,1,0,0,0,0,0,0,1,0,0,0,1,0,0,1,0,0,0,1,0,0,0,0,1,0,1,0,0,0,1,0,1,0,1,0
24,1837,4,4,34,1,1,1,0,1,0,1,0,0,0,1,0,73.48,52.48571428571429,62.458,0,1,0,0,0,1,0,0,0,0,0,0,0,0,0,0,1,0,0,1,0,0,0,0,0,0,0,1,0,0,1,0,0,1,0,0,0,0,0,1,1,0,0,0,0,1,0,1,0,0,1,0,1,0
36,3349,4,2,28,1,1,1,0,1,0,0,1,0,0,0,1,90.51351351351352,115.48275862068965,93.772,0,0,0,1,0,0,1,0,0,0,0,0,1,0,0,0,0,0,0,1,0,0,0,0,0,0,1,0,0,0,1,0,0,1,0,0,0,0,1,0,0,0,1,0,1,0,0,0,0,1,0,1,1,0
10,1275,4,2,23,1,1,0,1,0,0,1,0,0,1,0,0,115.9090909090909,53.125,29.325,0,0,1,0,0,0,1,0,0,0,0,0,1,0,0,0,0,0,0,1,0,0,0,0,0,1,0,0,0,0,1,0,0,1,0,0,0,1,0,0,0,0,1,0,1,0,0,0,1,0,1,0,1,0
24,2828,4,4,22,1,1,0,1,0,0,0,1,0,0,1,0,113.12,122.95652173913044,62.216,1,0,0,0,0,1,0,0,0,0,0,0,1,0,0,0,0,0,0,0,0,1,0,0,0,0,1,0,0,0,0,1,0,1,0,0,1,0,0,0,0,1,0,0,1,0,0,0,1,0,0,1,1,0
24,4526,3,2,74,1,1,0,0,0,1,0,1,0,0,1,0,181.04,60.346666666666664,334.924,0,0,0,1,0,0,0,0,1,0,0,0,0,0,0,0,0,0,1,1,0,0,0,0,0,0,1,0,0,0,0,1,0,1,0,0,1,0,0,0,0,0,1,0,1,0,0,0,0,1,0,1,1,0
36,2671,4,4,50,1,1,1,0,1,0,0,1,0,0,0,1,72.1891891891892,52.372549019607845,133.55,0,1,0,0,0,0,1,0,0,0,0,0,0,1,0,0,0,0,0,0,1,0,0,0,0,0,1,0,0,0,1,0,0,0,1,0,0,0,0,1,0,0,1,0,0,1,0,0,1,0,1,0,1,0
18,2051,4,1,33,1,1,0,0,1,0,1,0,0,0,1,0,107.94736842105263,60.3235294117647,67.683,0,0,0,1,0,0,1,0,0,0,0,0,0,1,0,0,0,0,0,1,0,0,0,0,0,1,0,0,0,0,0,1,0,1,0,0,1,0,0,0,0,0,1,0,1,0,0,0,1,0,1,0,1,0
15,1300,4,4,45,1,2,0,0,1,0,1,0,0,0,1,0,81.25,28.26086956521739,58.5,0,0,0,1,0,0,1,0,0,0,1,0,0,0,0,0,0,0,0,0,0,0,0,1,0,0,0,0,1,0,0,1,0,1,0,0,0,0,0,1,1,0,0,0,0,1,0,0,1,0,1,0,1,0
12,741,4,3,22,1,1,1,1,0,0,1,0,0,1,0,0,57.0,32.21739130434783,16.302,1,0,0,0,0,0,1,0,0,0,0,0,0,0,1,0,0,0,0,0,1,0,0,0,1,0,0,0,0,0,1,0,0,1,0,0,0,1,0,0,0,0,1,0,1,0,0,0,1,0,1,0,1,0
10,1240,1,4,48,1,2,1,0,1,0,1,0,0,1,0,0,112.72727272727273,25.306122448979593,59.52,0,0,1,0,0,0,1,0,0,1,0,0,0,0,0,0,0,0,0,0,1,0,0,0,0,0,0,0,1,0,1,0,0,1,0,0,0,0,0,1,0,0,1,0,0,1,0,1,0,0,1,0,1,0
21,3357,4,2,29,1,1,0,0,1,0,0,1,0,0,1,0,152.5909090909091,111.9,97.353,1,0,0,0,0,0,1,0,0,0,0,0,0,1,0,0,0,0,0,0,0,0,1,0,0,1,0,0,0,0,1,0,0,1,0,0,0,0,1,0,1,0,0,0,1,0,0,0,1,0,1,0,1,0
24,3632,1,4,22,1,1,0,1,0,0,0,1,0,0,1,0,145.28,157.91304347826087,79.904,1,0,0,0,0,1,0,0,0,0,1,0,0,0,0,0,0,0,0,1,0,0,0,0,0,0,1,0,0,0,1,0,0,0,0,1,0,0,1,0,1,0,0,1,0,0,0,0,1,0,1,0,0,1
18,1808,4,1,22,1,1,1,1,0,0,1,0,0,0,1,0,95.15789473684211,78.6086956521739,39.776,0,0,0,1,0,0,0,1,0,0,0,0,1,0,0,0,0,0,0,1,0,0,0,0,0,0,0,1,0,0,1,0,0,1,0,0,1,0,0,0,0,0,1,0,1,0,0,0,1,0,1,0,1,0
48,12204,2,2,48,1,1,0,0,1,0,0,0,1,0,0,1,249.0612244897959,249.0612244897959,585.792,0,1,0,0,1,0,0,0,0,0,0,0,0,0,0,0,0,0,1,0,0,0,0,1,0,0,1,0,0,0,0,1,0,1,0,0,0,0,1,0,1,0,0,0,1,0,0,0,0,1,0,1,1,0
60,9157,2,2,27,1,1,0,0,1,0,0,0,1,0,0,1,150.11475409836066,327.0357142857143,247.239,0,1,0,0,0,0,0,1,0,0,0,0,0,1,0,0,0,0,0,0,0,0,0,1,0,0,1,0,0,0,0,1,0,1,0,0,0,0,0,1,0,0,1,0,0,1,0,0,0,1,1,0,1,0
6,3676,1,3,37,3,2,0,0,1,0,0,1,0,1,0,0,525.1428571428571,96.73684210526316,136.012,1,0,0,0,0,0,0,0,1,1,0,0,0,0,0,0,0,0,0,1,0,0,0,0,0,0,1,0,0,0,0,1,0,1,0,0,1,0,0,0,0,0,1,1,0,0,0,0,1,0,1,0,1,0
30,3441,2,4,21,1,1,1,1,0,0,0,1,0,0,0,1,111.0,156.4090909090909,72.261,0,1,0,0,0,0,1,0,0,0,0,0,1,0,0,0,0,0,0,0,1,0,0,0,0,0,1,0,0,0,1,0,0,0,1,0,0,0,1,0,0,0,1,1,0,0,0,0,1,0,1,0,1,0
12,640,4,2,49,1,1,0,0,1,0,1,0,0,1,0,0,49.23076923076923,12.8,31.36,0,0,0,1,0,0,1,0,0,1,0,0,0,0,0,0,0,0,0,1,0,0,0,0,0,0,1,0,0,1,0,0,0,1,0,0,1,0,0,0,0,0,1,0,1,0,0,1,0,0,1,0,1,0
21,3652,2,3,27,2,1,0,0,1,0,0,1,0,0,1,0,166.0,130.42857142857142,98.604,0,1,0,0,0,0,0,0,1,0,0,0,0,0,0,0,0,0,1,1,0,0,0,0,0,0,0,1,0,0,0,1,0,1,0,0,0,1,0,0,0,0,1,0,1,0,0,0,1,0,1,0,1,0
18,1530,3,2,32,2,1,1,0,1,0,1,0,0,0,1,0,80.52631578947368,46.36363636363637,48.96,0,0,0,1,0,0,0,0,1,1,0,0,0,0,0,0,0,0,0,1,0,0,0,0,0,0,1,0,0,0,0,1,0,1,0,0,0,1,0,0,1,0,0,0,1,0,0,0,1,0,1,0,1,0
48,3914,4,2,38,1,1,1,0,1,0,0,1,0,0,0,1,79.87755102040816,100.35897435897436,148.732,0,0,0,1,0,0,1,0,0,0,0,0,0,0,0,0,0,0,1,0,0,0,0,1,0,0,1,0,0,1,0,0,0,1,0,0,1,0,0,0,1,0,0,0,1,0,0,0,1,0,1,0,1,0
12,1858,4,1,22,1,1,0,1,0,0,1,0,0,1,0,0,142.92307692307693,80.78260869565217,40.876,1,0,0,0,0,0,1,0,0,0,0,0,1,0,0,0,0,0,0,1,0,0,0,0,0,1,0,0,0,0,1,0,0,1,0,0,0,0,1,0,0,0,1,1,0,0,0,0,1,0,1,0,1,0
18,2600,4,4,65,2,1,1,0,0,1,0,1,0,0,1,0,136.8421052631579,39.39393939393939,169.0,1,0,0,0,0,0,1,0,0,0,0,0,0,1,0,0,0,0,0,1,0,0,0,0,0,0,1,0,0,0,0,1,0,1,0,0,0,0,0,1,0,0,1,0,0,1,0,0,1,0,1,0,1,0
15,1979,4,2,35,1,1,0,0,1,0,1,0,0,0,1,0,123.6875,54.97222222222222,69.265,0,0,0,1,0,0,1,0,0,0,0,0,0,1,0,0,0,0,0,0,0,0,0,1,0,0,0,0,1,0,0,1,0,1,0,0,0,0,1,0,0,0,1,0,1,0,0,0,1,0,1,0,1,0
6,2116,2,2,41,1,1,0,0,1,0,1,0,0,1,0,0,302.2857142857143,50.38095238095238,86.756,0,0,1,0,0,0,1,0,0,0,0,0,1,0,0,0,0,0,0,1,0,0,0,0,0,0,1,0,0,0,0,1,0,1,0,0,1,0,0,0,0,0,1,0,1,0,0,0,1,0,0,1,1,0
9,1437,2,3,29,1,1,1,0,1,0,1,0,0,1,0,0,143.7,47.9,41.673,0,1,0,0,0,1,0,0,0,1,0,0,0,0,0,0,0,0,0,0,1,0,0,0,0,0,0,1,0,0,0,1,0,1,0,0,0,0,0,1,0,0,1,0,1,0,0,0,1,0,1,0,1,0
42,4042,4,4,36,2,1,0,0,1,0,0,1,0,0,0,1,94.0,109.24324324324324,145.512,0,0,0,1,0,0,0,0,1,0,0,0,1,0,0,0,0,0,0,0,0,1,0,0,0,0,1,0,0,0,0,1,0,1,0,0,1,0,0,0,0,0,1,0,1,0,0,0,1,0,0,1,1,0
9,3832,1,4,64,1,1,0,0,0,1,0,1,0,1,0,0,383.2,58.95384615384615,245.248,0,0,0,1,0,0,1,0,0,0,0,0,0,0,0,0,1,0,0,0,0,0,0,1,0,0,0,0,1,0,0,1,0,1,0,0,1,0,0,0,0,0,1,0,1,0,0,1,0,0,1,0,1,0
24,3660,2,4,28,1,1,0,0,1,0,0,1,0,0,1,0,146.4,126.20689655172414,102.48,1,0,0,0,0,0,1,0,0,0,0,0,0,1,0,0,0,0,0,1,0,0,0,0,0,0,1,0,0,0,1,0,0,1,0,0,0,0,1,0,0,0,1,0,1,0,0,0,1,0,1,0,1,0
18,1553,4,3,44,1,1,1,0,1,0,1,0,0,0,1,0,81.73684210526316,34.51111111111111,68.332,1,0,0,0,0,1,0,0,0,0,0,0,1,0,0,0,0,0,0,1,0,0,0,0,0,0,1,0,0,0,0,1,0,1,0,0,0,0,1,0,1,0,0,0,1,0,0,0,1,0,1,0,1,0
15,1444,4,1,23,1,1,0,1,0,0,1,0,0,0,1,0,90.25,60.166666666666664,33.212,0,1,0,0,0,0,1,0,0,0,0,0,0,1,0,0,0,0,0,0,0,0,0,1,0,1,0,0,0,0,0,1,0,1,0,0,0,1,0,0,0,0,1,0,1,0,0,0,1,0,1,0,1,0
9,1980,2,2,19,2,1,1,1,0,0,1,0,0,1,0,0,198.0,99.0,37.62,0,0,0,1,0,0,1,0,0,0,0,0,1,0,0,0,0,0,0,1,0,0,0,0,0,1,0,0,0,0,1,0,0,0,1,0,0,0,1,0,0,0,1,1,0,0,0,0,1,0,1,0,1,0
24,1355,3,4,25,1,1,1,0,1,0,1,0,0,0,1,0,54.2,52.11538461538461,33.875,0,1,0,0,0,0,1,0,0,1,0,0,0,0,0,0,0,0,0,1,0,0,0,0,0,1,0,0,0,0,1,0,0,1,0,0,0,0,1,0,0,0,1,0,1,0,0,1,0,0,0,1,1,0
12,1393,4,4,47,3,2,0,0,1,0,1,0,0,1,0,0,107.15384615384616,29.020833333333332,65.471,0,0,0,1,0,0,1,0,0,0,0,0,0,0,0,0,1,0,0,1,0,0,0,0,0,0,0,0,1,0,0,1,0,1,0,0,0,1,0,0,1,0,0,0,1,0,0,0,1,0,0,1,1,0
24,1376,4,1,28,1,1,0,0,1,0,1,0,0,0,1,0,55.04,47.44827586206897,38.528,0,0,0,1,0,0,1,0,0,0,0,0,0,1,0,0,0,0,0,0,0,1,0,0,0,0,0,1,0,0,1,0,0,1,0,0,0,0,1,0,0,0,1,0,1,0,0,0,1,0,1,0,1,0
60,15653,2,4,21,2,1,0,1,0,0,0,0,1,0,0,1,256.60655737704917,711.5,328.713,0,0,0,1,0,0,0,1,0,0,0,0,0,1,0,0,0,0,0,1,0,0,0,0,0,0,0,1,0,0,0,1,0,1,0,0,0,0,1,0,0,0,1,0,1,0,0,0,1,0,0,1,1,0
12,1493,4,3,34,1,2,0,0,1,0,1,0,0,1,0,0,114.84615384615384,42.65714285714286,50.762,0,0,0,1,0,0,1,0,0,0,0,0,0,1,0,0,0,0,0,1,0,0,0,0,0,1,0,0,0,0,1,0,0,1,0,0,0,0,1,0,0,0,1,0,1,0,0,0,1,0,1,0,1,0
42,4370,3,2,26,2,2,1,0,1,0,0,1,0,0,0,1,101.62790697674419,161.85185185185185,113.62,1,0,0,0,0,0,0,1,0,0,0,0,0,1,0,0,0,0,0,1,0,0,0,0,0,0,0,1,0,0,0,1,0,1,0,0,0,1,0,0,1,0,0,0,1,0,0,0,1,0,0,1,1,0
18,750,4,1,27,1,1,1,0,1,0,1,0,0,0,1,0,39.473684210526315,26.785714285714285,20.25,1,0,0,0,0,0,1,0,0,0,0,0,0,0,0,0,1,0,0,1,0,0,0,0,1,0,0,0,0,0,1,0,0,1,0,0,1,0,0,0,0,0,1,0,1,0,1,0,0,0,1,0,1,0
15,1308,4,4,38,2,1,0,0,1,0,1,0,0,0,1,0,81.75,33.53846153846154,49.704,0,1,0,0,0,0,1,0,0,0,0,0,0,0,0,1,0,0,0,1,0,0,0,0,0,0,0,0,1,0,0,1,0,1,0,0,0,0,1,0,0,0,1,0,1,0,0,1,0,0,1,0,1,0
15,4623,3,2,40,1,1,1,0,1,0,0,1,0,0,1,0,288.9375,112.7560975609756,184.92,0,0,0,1,0,0,1,0,0,0,0,0,0,0,0,0,1,0,0,0,1,0,0,0,0,0,1,0,0,0,0,1,0,1,0,0,0,1,0,0,0,0,1,0,1,0,0,0,0,1,0,1,1,0
24,1851,4,2,33,2,1,0,0,1,0,1,0,0,0,1,0,74.04,54.44117647058823,61.083,0,0,0,1,0,0,0,0,1,0,0,0,0,1,0,0,0,0,0,1,0,0,0,0,0,0,0,1,0,0,0,0,1,0,0,1,0,0,1,0,0,0,1,0,1,0,0,0,1,0,0,1,1,0
18,1880,4,1,32,2,1,0,0,1,0,1,0,0,0,1,0,98.94736842105263,56.96969696969697,60.16,1,0,0,0,0,0,0,0,1,0,0,0,0,1,0,0,0,0,0,1,0,0,0,0,0,0,0,1,0,0,0,0,1,1,0,0,0,1,0,0,0,0,1,0,1,0,0,0,0,1,0,1,1,0
36,7980,4,4,27,2,1,1,0,1,0,0,0,1,0,0,1,215.67567567567568,285.0,215.46,0,0,0,1,0,0,0,1,0,0,0,0,0,0,0,0,0,0,1,0,0,0,0,1,0,1,0,0,0,0,0,1,0,1,0,0,0,0,1,0,0,0,1,1,0,0,0,0,1,0,0,1,1,0
30,4583,2,2,32,2,1,0,0,1,0,0,1,0,0,0,1,147.83870967741936,138.87878787878788,146.656,1,0,0,0,1,0,0,0,0,0,0,0,1,0,0,0,0,0,0,1,0,0,0,0,0,0,1,0,0,1,0,0,0,0,0,1,1,0,0,0,0,0,1,0,1,0,0,0,1,0,1,0,1,0
12,1386,2,2,26,1,1,1,0,1,0,1,0,0,1,0,0,106.61538461538461,51.333333333333336,36.036,0,0,0,1,0,0,1,0,0,1,0,0,0,0,0,0,0,0,0,0,0,1,0,0,0,0,1,0,0,0,1,0,0,1,0,0,0,1,0,0,0,0,1,0,1,0,0,0,1,0,1,0,1,0
24,947,4,3,38,1,2,1,0,1,0,1,0,0,0,1,0,37.88,24.28205128205128,35.986,0,0,1,0,0,0,1,0,0,1,0,0,0,0,0,0,0,0,0,1,0,0,0,0,0,0,0,1,0,0,0,1,0,1,0,0,0,0,0,1,1,0,0,0,0,1,0,0,1,0,1,0,1,0
12,684,4,4,40,1,2,1,0,1,0,1,0,0,1,0,0,52.61538461538461,16.682926829268293,27.36,1,0,0,0,0,0,1,0,0,0,0,0,0,0,0,0,1,0,0,1,0,0,0,0,0,0,1,0,0,0,0,1,0,1,0,0,0,0,1,0,0,0,1,1,0,0,0,1,0,0,1,0,1,0
48,7476,4,1,50,1,1,0,0,1,0,0,0,1,0,0,1,152.57142857142858,146.58823529411765,373.8,1,0,0,0,0,0,1,0,0,0,0,0,0,0,0,0,1,0,0,1,0,0,0,0,0,0,0,1,0,0,0,1,0,1,0,0,0,0,0,1,0,0,1,0,0,1,0,0,0,1,0,1,1,0
12,1922,4,2,37,1,1,1,0,1,0,1,0,0,1,0,0,147.84615384615384,50.578947368421055,71.114,0,1,0,0,0,0,1,0,0,0,0,0,1,0,0,0,0,0,0,1,0,0,0,0,0,0,1,0,0,0,0,1,0,1,0,0,0,1,0,0,0,0,1,0,1,0,0,1,0,0,1,0,1,0
24,2303,4,1,45,1,1,1,0,1,0,1,0,0,0,1,0,92.12,50.06521739130435,103.635,1,0,0,0,0,0,1,0,0,1,0,0,0,0,0,0,0,0,0,1,0,0,0,0,0,0,0,0,1,0,0,1,0,0,1,0,1,0,0,0,0,0,1,0,1,0,0,0,1,0,1,0,1,0
36,8086,2,4,42,4,1,1,0,1,0,0,0,1,0,0,1,218.54054054054055,188.04651162790697,339.612,0,1,0,0,0,0,0,1,0,1,0,0,0,0,0,0,0,0,0,0,1,0,0,0,0,0,0,0,1,0,0,1,0,1,0,0,0,0,1,0,0,0,1,0,1,0,0,0,0,1,0,1,1,0
24,2346,4,3,35,2,1,0,0,1,0,1,0,0,0,1,0,93.84,65.16666666666667,82.11,0,0,0,1,0,0,0,0,1,0,1,0,0,0,0,0,0,0,0,1,0,0,0,0,0,0,0,1,0,0,0,1,0,1,0,0,0,0,1,0,0,0,1,0,1,0,0,0,1,0,0,1,1,0
14,3973,1,4,22,1,1,0,1,0,0,0,1,0,0,1,0,264.8666666666667,172.7391304347826,87.406,1,0,0,0,0,0,1,0,0,1,0,0,0,0,0,0,0,0,0,1,0,0,0,0,1,0,0,0,0,0,0,1,0,1,0,0,0,0,0,1,0,0,1,0,0,1,0,0,1,0,1,0,1,0
12,888,4,4,41,1,2,1,0,1,0,1,0,0,1,0,0,68.3076923076923,21.142857142857142,36.408,0,1,0,0,0,0,1,0,0,1,0,0,0,0,0,0,0,0,0,1,0,0,0,0,0,0,0,0,1,0,0,1,0,1,0,0,0,0,1,0,1,0,0,0,1,0,0,1,0,0,1,0,1,0
48,10222,4,3,37,1,1,0,0,1,0,0,0,1,0,0,1,208.6122448979592,269.0,378.214,0,0,0,1,0,0,1,0,0,0,0,0,0,1,0,0,0,0,0,0,0,0,0,1,0,0,0,1,0,0,0,1,0,1,0,0,0,0,1,0,0,1,0,0,1,0,0,0,1,0,0,1,1,0
30,4221,2,1,28,2,1,0,0,1,0,0,1,0,0,0,1,136.16129032258064,145.55172413793105,118.188,0,1,0,0,1,0,0,0,0,0,0,0,0,0,0,0,0,0,1,1,0,0,0,0,0,0,1,0,0,0,1,0,0,1,0,0,0,0,1,0,0,0,1,0,1,0,0,0,1,0,1,0,1,0
18,6361,2,1,41,1,1,0,0,1,0,0,0,1,0,1,0,334.7894736842105,151.45238095238096,260.801,0,1,0,0,0,0,0,0,1,0,0,0,1,0,0,0,0,0,0,1,0,0,0,0,0,0,0,0,1,0,0,1,0,1,0,0,0,0,0,1,0,0,1,0,1,0,0,0,1,0,0,1,1,0
12,1297,3,4,23,1,1,0,1,0,0,1,0,0,1,0,0,99.76923076923077,54.041666666666664,29.831,0,0,1,0,0,0,1,0,0,0,0,0,0,1,0,0,0,0,0,1,0,0,0,0,0,0,1,0,0,0,0,0,1,1,0,0,1,0,0,0,0,0,1,1,0,0,0,0,1,0,1,0,1,0
12,900,4,2,23,1,1,1,1,0,0,1,0,0,1,0,0,69.23076923076923,37.5,20.7,1,0,0,0,0,0,1,0,0,1,0,0,0,0,0,0,0,0,0,0,0,0,0,1,0,0,1,0,0,0,0,0,1,1,0,0,0,0,1,0,0,0,1,0,1,0,0,0,1,0,1,0,1,0
21,2241,4,2,50,2,1,0,0,1,0,1,0,0,0,1,0,101.86363636363636,43.94117647058823,112.05,0,0,0,1,0,0,1,0,0,0,0,0,1,0,0,0,0,0,0,1,0,0,0,0,0,0,0,0,1,0,0,1,0,1,0,0,1,0,0,0,0,0,1,0,1,0,0,0,1,0,1,0,1,0
6,1050,4,1,35,2,1,0,0,1,0,1,0,0,1,0,0,150.0,29.166666666666668,36.75,0,1,0,0,0,0,0,1,0,0,0,0,1,0,0,0,0,0,0,1,0,0,0,0,1,0,0,0,0,0,0,1,0,1,0,0,0,1,0,0,0,1,0,0,1,0,0,0,0,1,0,1,1,0
6,1047,2,4,50,1,1,0,0,1,0,1,0,0,1,0,0,149.57142857142858,20.529411764705884,52.35,0,0,1,0,0,0,0,0,1,0,0,0,0,0,0,0,1,0,0,1,0,0,0,0,0,0,1,0,0,0,1,0,0,1,0,0,0,1,0,0,0,0,1,0,1,0,0,1,0,0,1,0,1,0
24,6314,4,2,27,2,1,0,0,1,0,0,0,1,0,1,0,252.56,225.5,170.478,0,0,0,1,0,0,0,0,1,0,0,1,0,0,0,0,0,0,0,1,0,0,0,0,1,0,0,0,0,0,0,1,0,0,1,0,0,0,0,1,1,0,0,0,1,0,0,0,0,1,0,1,1,0
30,3496,4,2,34,1,2,0,0,1,0,0,1,0,0,0,1,112.7741935483871,99.88571428571429,118.864,0,1,0,0,0,1,0,0,0,0,0,0,1,0,0,0,0,0,0,0,0,0,1,0,0,0,1,0,0,0,0,1,0,1,0,0,0,0,1,0,0,1,0,0,1,0,0,0,1,0,0,1,1,0
48,3609,1,1,27,1,1,0,0,1,0,0,1,0,0,0,1,73.65306122448979,128.89285714285714,97.443,0,0,0,1,0,1,0,0,0,0,0,0,0,0,0,0,0,0,1,1,0,0,0,0,0,0,1,0,0,0,1,0,0,1,0,0,1,0,0,0,0,1,0,0,1,0,0,0,1,0,1,0,1,0
12,4843,3,4,43,2,1,1,0,1,0,0,1,0,1,0,0,372.53846153846155,110.06818181818181,208.249,1,0,0,0,0,0,0,0,1,1,0,0,0,0,0,0,0,0,0,1,0,0,0,0,0,0,0,0,1,0,0,1,0,0,1,0,0,1,0,0,0,0,1,1,0,0,0,0,1,0,0,1,1,0
30,3017,4,4,47,1,1,0,0,1,0,0,1,0,0,0,1,97.3225806451613,62.854166666666664,141.799,0,0,1,0,0,0,0,0,1,0,0,0,0,1,0,0,0,0,0,1,0,0,0,0,0,0,0,0,1,0,0,1,0,1,0,0,0,1,0,0,0,0,1,0,1,0,0,0,1,0,1,0,1,0
24,4139,3,3,27,2,1,0,0,1,0,0,1,0,0,1,0,165.56,147.82142857142858,111.753,0,0,0,1,0,0,0,0,1,0,0,0,0,0,0,0,0,0,1,0,1,0,0,0,0,0,1,0,0,0,0,1,0,1,0,0,0,1,0,0,0,0,1,0,1,0,0,1,0,0,0,1,1,0
36,5742,2,2,31,2,1,0,0,1,0,0,0,1,0,0,1,155.1891891891892,179.4375,178.002,0,0,0,1,0,0,1,0,0,0,0,0,0,0,0,0,0,0,1,0,1,0,0,0,0,0,0,1,0,0,0,1,0,1,0,0,0,0,1,0,0,0,1,0,1,0,0,0,1,0,0,1,1,0
60,10366,2,4,42,1,1,0,0,1,0,0,0,1,0,0,1,169.9344262295082,241.06976744186048,435.372,0,0,0,1,0,0,1,0,0,1,0,0,0,0,0,0,0,0,0,1,0,0,0,0,0,0,0,0,1,0,0,1,0,1,0,0,0,1,0,0,0,0,1,0,1,0,0,0,0,1,0,1,1,0
6,2080,1,2,24,1,1,0,1,0,0,1,0,0,1,0,0,297.14285714285717,83.2,49.92,0,0,0,1,0,0,0,0,1,1,0,0,0,0,0,0,0,0,0,0,0,1,0,0,0,0,1,0,0,0,0,0,1,1,0,0,0,0,1,0,0,0,1,0,1,0,0,0,1,0,1,0,1,0
21,2580,4,2,41,1,2,1,0,1,0,0,1,0,0,1,0,117.27272727272727,61.42857142857143,105.78,0,0,0,1,0,0,0,1,0,0,0,0,0,0,0,0,0,0,1,0,0,1,0,0,0,1,0,0,0,0,0,1,0,1,0,0,1,0,0,0,1,0,0,0,1,0,0,1,0,0,1,0,1,0
30,4530,4,4,26,1,1,0,0,1,0,0,1,0,0,0,1,146.1290322580645,167.77777777777777,117.78,0,0,0,1,0,0,0,0,1,0,0,0,0,1,0,0,0,0,0,1,0,0,0,0,0,0,0,1,0,0,1,0,0,1,0,0,0,0,1,0,0,0,1,1,0,0,0,0,0,1,0,1,1,0
24,5150,4,4,33,1,1,0,0,1,0,0,0,1,0,1,0,206.0,151.47058823529412,169.95,0,0,0,1,0,0,0,0,1,0,0,0,1,0,0,0,0,0,0,1,0,0,0,0,0,0,0,0,1,0,0,1,0,1,0,0,0,0,1,0,0,0,1,0,1,0,0,0,1,0,0,1,1,0
72,5595,2,2,24,1,1,1,1,0,0,0,0,1,0,0,1,76.64383561643835,223.8,134.28,0,1,0,0,0,0,1,0,0,0,0,0,0,1,0,0,0,0,0,0,1,0,0,0,0,0,1,0,0,0,0,0,1,1,0,0,0,0,1,0,0,0,1,0,1,0,0,0,1,0,1,0,1,0
24,2384,4,4,64,1,1,0,0,0,1,1,0,0,0,1,0,95.36,36.676923076923075,152.576,1,0,0,0,0,0,1,0,0,0,0,0,0,1,0,0,0,0,0,1,0,0,0,0,0,0,0,0,1,0,0,1,0,1,0,0,1,0,0,0,1,0,0,1,0,0,0,1,0,0,1,0,1,0
18,1453,3,1,26,1,1,0,0,1,0,1,0,0,0,1,0,76.47368421052632,53.81481481481482,37.778,0,0,0,1,0,0,1,0,0,0,0,0,0,1,0,0,0,0,0,1,0,0,0,0,0,1,0,0,0,0,1,0,0,1,0,0,1,0,0,0,0,0,1,0,1,0,0,0,1,0,1,0,1,0
6,1538,1,2,56,1,1,0,0,1,0,1,0,0,1,0,0,219.71428571428572,26.982456140350877,86.128,0,0,0,1,0,0,1,0,0,0,0,0,0,0,0,0,1,0,0,1,0,0,0,0,0,1,0,0,0,0,1,0,0,1,0,0,0,0,0,1,0,0,1,0,1,0,0,0,1,0,1,0,1,0
12,2279,4,4,37,1,1,0,0,1,0,1,0,0,1,0,0,175.30769230769232,59.973684210526315,84.323,0,0,0,1,0,0,1,0,0,0,0,0,0,1,0,0,0,0,0,0,0,0,0,1,0,0,1,0,0,0,0,1,0,1,0,0,0,0,0,1,0,0,1,0,0,1,0,0,1,0,0,1,1,0
15,1478,4,3,33,2,1,0,0,1,0,1,0,0,0,1,0,92.375,43.470588235294116,48.774,0,0,0,1,0,0,0,1,0,0,0,0,0,1,0,0,0,0,0,1,0,0,0,0,0,0,1,0,0,0,0,0,1,1,0,0,1,0,0,0,1,0,0,0,1,0,0,0,1,0,1,0,1,0
24,5103,3,3,47,3,1,0,0,1,0,0,0,1,0,1,0,204.12,106.3125,239.841,0,0,0,1,0,0,0,0,1,0,0,0,0,1,0,0,0,0,0,1,0,0,0,0,0,1,0,0,0,0,0,0,1,1,0,0,0,0,0,1,0,0,1,0,0,1,0,0,1,0,0,1,1,0
36,9857,1,3,31,2,2,0,0,1,0,0,0,1,0,0,1,266.4054054054054,308.03125,305.567,0,1,0,0,0,0,0,1,0,0,0,0,0,0,0,0,0,0,1,0,1,0,0,0,0,0,0,1,0,0,0,1,0,1,0,0,0,1,0,0,0,0,1,0,1,0,0,1,0,0,0,1,1,0
60,6527,4,4,34,1,2,0,0,1,0,0,0,1,0,0,1,107.0,186.4857142857143,221.918,0,0,0,1,0,0,1,0,0,1,0,0,0,0,0,0,0,0,0,0,0,0,0,1,0,0,1,0,0,0,0,1,0,1,0,0,0,0,0,1,0,0,1,0,0,1,0,0,1,0,0,1,1,0
10,1347,4,2,27,2,1,0,0,1,0,1,0,0,1,0,0,122.45454545454545,48.107142857142854,36.369,0,0,1,0,0,0,0,0,1,0,0,0,0,1,0,0,0,0,0,0,0,0,0,1,0,0,0,1,0,0,0,1,0,1,0,0,0,1,0,0,0,0,1,0,1,0,0,0,1,0,0,1,1,0
36,2862,4,3,30,1,1,0,0,1,0,0,1,0,0,0,1,77.35135135135135,92.3225806451613,85.86,0,1,0,0,0,0,0,1,0,1,0,0,0,0,0,0,0,0,0,0,1,0,0,0,0,0,0,0,1,0,0,1,0,1,0,0,0,0,0,1,0,0,1,0,0,1,0,0,1,0,1,0,1,0
9,2753,3,4,35,1,1,0,0,1,0,0,1,0,1,0,0,275.3,76.47222222222223,96.355,0,0,0,1,0,0,1,0,0,0,0,0,0,1,0,0,0,0,0,0,1,0,0,0,0,0,0,0,1,0,0,1,0,0,1,0,0,0,1,0,0,0,1,0,1,0,0,0,1,0,0,1,1,0
12,3651,1,3,31,1,2,0,0,1,0,0,1,0,1,0,0,280.84615384615387,114.09375,113.181,1,0,0,0,0,0,1,0,0,1,0,0,0,0,0,0,0,0,0,0,0,0,1,0,0,0,1,0,0,0,0,1,0,1,0,0,0,1,0,0,0,0,1,0,1,0,0,0,1,0,1,0,1,0
15,975,2,3,25,2,1,0,0,1,0,1,0,0,0,1,0,60.9375,37.5,24.375,1,0,0,0,0,0,0,0,1,0,0,0,1,0,0,0,0,0,0,1,0,0,0,0,0,0,1,0,0,1,0,0,0,1,0,0,0,1,0,0,0,0,1,0,1,0,0,0,1,0,1,0,1,0
15,2631,3,2,25,1,1,0,0,1,0,0,1,0,0,1,0,164.4375,101.1923076923077,65.775,0,1,0,0,0,0,1,0,0,0,0,0,0,0,0,1,0,0,0,0,1,0,0,0,0,0,1,0,0,0,1,0,0,1,0,0,1,0,0,0,0,0,1,0,1,0,0,1,0,0,1,0,1,0
24,2896,2,1,29,1,1,0,0,1,0,0,1,0,0,1,0,115.84,96.53333333333333,83.984,0,1,0,0,0,0,1,0,0,0,0,0,0,1,0,0,0,0,0,0,1,0,0,0,0,1,0,0,0,0,0,1,0,1,0,0,0,0,1,0,0,0,1,0,1,0,0,0,1,0,1,0,1,0
6,4716,1,3,44,2,2,0,0,1,0,0,1,0,1,0,0,673.7142857142857,104.8,207.504,1,0,0,0,0,0,0,0,1,1,0,0,0,0,0,0,0,0,0,0,0,0,0,1,0,1,0,0,0,0,0,1,0,1,0,0,1,0,0,0,0,0,1,0,1,0,0,1,0,0,1,0,1,0
24,2284,4,2,28,1,1,0,0,1,0,1,0,0,0,1,0,91.36,78.75862068965517,63.952,0,0,0,1,0,0,1,0,0,0,0,0,0,1,0,0,0,0,0,1,0,0,0,0,0,0,0,1,0,0,0,1,0,1,0,0,0,0,1,0,0,0,1,0,1,0,0,0,1,0,0,1,1,0
6,1236,2,4,50,1,1,0,0,1,0,1,0,0,1,0,0,176.57142857142858,24.235294117647058,61.8,0,0,0,1,0,0,1,0,0,0,1,0,0,0,0,0,0,0,0,0,0,1,0,0,0,0,1,0,0,0,0,1,0,1,0,0,0,1,0,0,0,0,1,1,0,0,0,0,1,0,1,0,1,0
12,1103,4,3,29,2,1,0,0,1,0,1,0,0,1,0,0,84.84615384615384,36.766666666666666,31.987,0,1,0,0,0,0,1,0,0,0,0,0,0,1,0,0,0,0,0,1,0,0,0,0,0,0,0,1,0,0,0,1,0,0,0,1,1,0,0,0,0,0,1,0,1,0,0,0,1,0,1,0,0,1
12,926,1,2,38,1,1,0,0,1,0,1,0,0,1,0,0,71.23076923076923,23.743589743589745,35.188,0,0,0,1,0,0,0,0,1,1,0,0,0,0,0,0,0,0,0,1,0,0,0,0,1,0,0,0,0,0,1,0,0,1,0,0,0,1,0,0,0,0,1,0,1,0,1,0,0,0,1,0,1,0
18,1800,4,2,24,2,1,0,1,0,0,1,0,0,0,1,0,94.73684210526316,72.0,43.2,0,0,0,1,0,0,0,0,1,0,0,0,0,1,0,0,0,0,0,1,0,0,0,0,0,0,1,0,0,0,0,1,0,1,0,0,0,0,1,0,0,0,1,0,1,0,0,0,1,0,1,0,1,0
15,1905,4,4,40,1,1,0,0,1,0,1,0,0,0,1,0,119.0625,46.46341463414634,76.2,0,0,1,0,0,0,1,0,0,0,0,0,0,0,0,0,1,0,0,1,0,0,0,0,0,0,0,0,1,0,0,1,0,1,0,0,0,0,1,0,0,0,1,1,0,0,0,0,0,1,0,1,1,0
12,1123,4,4,29,1,1,1,0,1,0,1,0,0,1,0,0,86.38461538461539,37.43333333333333,32.567,0,0,0,1,0,0,1,0,0,0,0,0,1,0,0,0,0,0,0,0,0,1,0,0,0,0,1,0,0,0,1,0,0,1,0,0,0,0,1,0,0,0,1,1,0,0,0,1,0,0,1,0,1,0
48,6331,4,4,46,2,1,1,0,1,0,0,0,1,0,0,1,129.20408163265307,134.70212765957447,291.226,1,0,0,0,0,0,0,0,1,0,1,0,0,0,0,0,0,0,0,1,0,0,0,0,0,0,0,0,1,0,0,1,0,1,0,0,0,0,0,1,0,0,1,0,0,1,0,0,1,0,0,1,1,0
24,1377,4,2,47,1,1,0,0,1,0,1,0,0,0,1,0,55.08,28.6875,64.719,0,0,1,0,0,0,1,0,0,0,0,0,0,1,0,0,0,0,0,0,1,0,0,0,0,0,0,0,1,0,1,0,0,1,0,0,0,0,0,1,0,0,1,0,0,1,0,0,1,0,0,1,1,0
30,2503,4,2,41,2,1,0,0,1,0,0,1,0,0,0,1,80.74193548387096,59.595238095238095,102.623,0,1,0,0,0,0,0,1,0,0,0,0,0,0,0,0,0,0,1,0,1,0,0,0,0,0,0,0,1,0,0,1,0,1,0,0,0,1,0,0,0,1,0,0,1,0,0,0,1,0,1,0,1,0
27,2528,4,1,32,1,2,0,0,1,0,0,1,0,0,0,1,90.28571428571429,76.60606060606061,80.896,0,1,0,0,0,0,1,0,0,0,0,0,0,0,0,0,0,0,1,1,0,0,0,0,0,1,0,0,0,0,1,0,0,1,0,0,0,1,0,0,0,0,1,0,1,0,0,0,1,0,0,1,1,0
15,5324,1,4,35,1,1,0,0,1,0,0,0,1,0,1,0,332.75,147.88888888888889,186.34,0,0,0,1,0,0,1,0,0,1,0,0,0,0,0,0,0,0,0,0,0,1,0,0,0,0,0,0,1,0,1,0,0,1,0,0,0,0,0,1,0,0,1,0,0,1,0,0,1,0,1,0,1,0
48,6560,3,2,24,1,1,1,1,0,0,0,0,1,0,0,1,133.87755102040816,262.4,157.44,0,1,0,0,0,0,1,0,0,1,0,0,0,0,0,0,0,0,0,0,1,0,0,0,0,0,0,1,0,0,0,1,0,1,0,0,0,1,0,0,0,0,1,0,1,0,0,0,1,0,1,0,1,0
12,2969,4,3,25,2,1,1,0,1,0,0,1,0,1,0,0,228.3846153846154,114.1923076923077,74.225,0,1,0,0,1,0,0,0,0,0,0,0,1,0,0,0,0,0,0,1,0,0,0,0,0,1,0,0,0,0,1,0,0,1,0,0,0,1,0,0,0,0,1,1,0,0,0,0,1,0,1,0,1,0
9,1206,4,4,25,1,1,0,0,1,0,1,0,0,1,0,0,120.6,46.38461538461539,30.15,0,1,0,0,0,0,1,0,0,0,0,0,0,1,0,0,0,0,0,1,0,0,0,0,0,0,0,0,1,0,1,0,0,1,0,0,1,0,0,0,0,0,1,0,1,0,0,0,1,0,1,0,1,0
9,2118,2,2,37,1,2,0,0,1,0,1,0,0,1,0,0,211.8,55.73684210526316,78.366,0,1,0,0,0,0,1,0,0,0,0,0,0,1,0,0,0,0,0,1,0,0,0,0,0,0,1,0,0,0,0,1,0,1,0,0,1,0,0,0,0,0,1,0,1,0,0,1,0,0,1,0,1,0
18,629,4,3,32,2,1,0,0,1,0,1,0,0,0,1,0,33.10526315789474,19.060606060606062,20.128,0,0,0,1,0,0,0,0,1,0,0,0,0,1,0,0,0,0,0,0,0,1,0,0,0,0,0,0,1,0,0,1,0,1,0,0,0,1,0,0,1,0,0,0,1,0,0,0,0,1,0,1,1,0
6,1198,4,4,35,1,1,1,0,1,0,1,0,0,1,0,0,171.14285714285714,33.27777777777778,41.93,1,0,0,0,0,1,0,0,0,0,0,0,0,0,0,0,1,0,0,1,0,0,0,0,0,0,0,0,1,0,1,0,0,1,0,0,0,0,0,1,0,0,1,0,0,1,0,0,1,0,1,0,1,0
21,2476,4,4,46,1,1,0,0,1,0,1,0,0,0,1,0,112.54545454545455,52.680851063829785,113.896,0,0,0,1,0,0,1,0,0,0,1,0,0,0,0,0,0,0,0,0,0,0,0,1,0,0,0,0,1,0,0,1,0,1,0,0,1,0,0,0,0,0,1,0,1,0,0,0,0,1,0,1,1,0
9,1138,4,4,25,2,1,0,0,1,0,1,0,0,1,0,0,113.8,43.76923076923077,28.45,1,0,0,0,0,0,0,0,1,0,0,0,0,1,0,0,0,0,0,1,0,0,0,0,0,0,1,0,0,0,0,1,0,1,0,0,1,0,0,0,0,0,1,0,1,0,0,1,0,0,1,0,1,0
60,14027,4,2,27,1,1,1,0,1,0,0,0,1,0,0,1,229.95081967213116,500.9642857142857,378.729,0,1,0,0,0,0,1,0,0,1,0,0,0,0,0,0,0,0,0,1,0,0,0,0,0,0,0,1,0,0,0,1,0,1,0,0,0,0,0,1,0,0,1,0,1,0,0,0,0,1,0,1,1,0
30,7596,1,4,63,2,1,0,0,0,1,0,0,1,0,0,1,245.03225806451613,118.6875,478.548,0,0,0,1,0,0,0,0,1,0,1,0,0,0,0,0,0,0,0,0,0,0,0,1,0,0,0,0,1,0,0,1,0,1,0,0,0,0,1,0,0,0,1,0,1,0,0,0,1,0,1,0,1,0
30,3077,3,2,40,2,2,0,0,1,0,0,1,0,0,0,1,99.25806451612904,75.04878048780488,123.08,0,0,0,1,0,0,0,0,1,0,0,0,0,1,0,0,0,0,0,0,0,0,0,1,0,0,0,0,1,0,0,1,0,1,0,0,0,0,1,0,0,0,1,0,1,0,0,0,1,0,0,1,1,0
18,1505,4,2,32,1,1,0,0,1,0,1,0,0,0,1,0,79.21052631578948,45.60606060606061,48.16,0,0,0,1,0,0,1,0,0,0,0,0,0,1,0,0,0,0,0,1,0,0,0,0,0,0,1,0,0,0,0,1,0,1,0,0,0,0,0,1,0,0,1,0,0,1,0,0,0,1,0,1,1,0
24,3148,3,2,31,2,1,0,0,1,0,0,1,0,0,1,0,125.92,98.375,97.588,0,0,1,0,0,0,0,0,1,0,0,0,0,1,0,0,0,0,0,0,0,0,0,1,0,0,1,0,0,0,0,1,0,1,0,0,0,0,1,0,0,0,1,0,1,0,0,0,1,0,0,1,1,0
20,6148,3,4,31,2,1,0,0,1,0,0,0,1,0,1,0,292.76190476190476,192.125,190.588,0,1,0,0,1,0,0,0,0,0,1,0,0,0,0,0,0,0,0,0,1,0,0,0,0,0,0,0,1,0,0,0,1,1,0,0,0,0,1,0,1,0,0,0,1,0,0,0,1,0,0,1,1,0
9,1337,4,2,34,2,1,1,0,1,0,1,0,0,1,0,0,133.7,38.2,45.458,0,0,1,0,1,0,0,0,0,0,0,0,0,1,0,0,0,0,0,1,0,0,0,0,0,1,0,0,0,0,0,1,0,1,0,0,0,0,1,0,0,0,1,0,1,0,0,0,0,1,0,1,1,0
6,433,4,2,24,1,2,1,1,0,0,1,0,0,1,0,0,61.857142857142854,17.32,10.392,0,1,0,0,0,1,0,0,0,0,0,0,0,0,0,0,1,0,0,0,0,0,1,0,0,1,0,0,0,0,1,0,0,1,0,0,0,1,0,0,1,0,0,1,0,0,0,0,1,0,1,0,1,0
12,1228,4,2,24,1,1,1,1,0,0,1,0,0,1,0,0,94.46153846153847,49.12,29.472,1,0,0,0,0,0,1,0,0,1,0,0,0,0,0,0,0,0,0,1,0,0,0,0,0,0,1,0,0,0,1,0,0,1,0,0,1,0,0,0,0,0,1,0,1,0,0,1,0,0,1,0,1,0
9,790,4,3,66,1,1,0,0,0,1,1,0,0,1,0,0,79.0,11.791044776119403,52.14,0,1,0,0,0,0,1,0,0,0,0,0,0,1,0,0,0,0,0,0,0,1,0,0,0,0,1,0,0,0,1,0,0,1,0,0,1,0,0,0,0,0,1,0,1,0,0,1,0,0,1,0,1,0
27,2570,3,3,21,1,1,1,1,0,0,0,1,0,0,0,1,91.78571428571429,116.81818181818181,53.97,0,0,0,1,0,0,1,0,0,1,0,0,0,0,0,0,0,0,0,1,0,0,0,0,0,0,1,0,0,0,1,0,0,1,0,0,1,0,0,0,0,0,1,1,0,0,0,0,1,0,1,0,1,0
6,250,2,2,41,2,1,0,0,1,0,1,0,0,1,0,0,35.714285714285715,5.9523809523809526,10.25,0,0,0,1,0,0,0,0,1,1,0,0,0,0,0,0,0,0,0,0,0,0,1,0,0,0,1,0,0,0,1,0,0,1,0,0,1,0,0,0,1,0,0,0,1,0,0,1,0,0,1,0,1,0
15,1316,2,2,47,2,1,0,0,1,0,1,0,0,0,1,0,82.25,27.416666666666668,61.852,0,0,0,1,0,0,0,0,1,0,0,0,0,1,0,0,0,0,0,0,0,1,0,0,0,0,1,0,0,0,0,0,1,1,0,0,0,1,0,0,0,0,1,0,1,0,0,1,0,0,1,0,1,0
18,1882,4,4,25,2,1,1,0,1,0,1,0,0,0,1,0,99.05263157894737,72.38461538461539,47.05,1,0,0,0,0,0,1,0,0,0,0,0,0,1,0,0,0,0,0,1,0,0,0,0,0,0,1,0,0,0,1,0,0,1,0,0,0,0,1,0,1,0,0,1,0,0,0,0,1,0,1,0,1,0
48,6416,4,3,59,1,1,1,0,1,0,0,0,1,0,0,1,130.9387755102041,106.93333333333334,378.544,0,1,0,0,0,1,0,0,0,0,0,0,0,0,0,0,0,0,1,1,0,0,0,0,0,0,0,0,1,0,1,0,0,1,0,0,0,0,0,1,0,0,1,1,0,0,0,0,1,0,1,0,1,0
24,1275,2,4,36,2,1,0,0,1,0,1,0,0,0,1,0,51.0,34.45945945945946,45.9,0,0,1,0,0,0,0,0,1,0,0,0,0,0,0,0,0,0,1,0,0,0,1,0,0,0,1,0,0,1,0,0,0,1,0,0,1,0,0,0,0,0,1,0,1,0,0,0,1,0,0,1,1,0
24,6403,1,2,33,1,1,0,0,1,0,0,0,1,0,1,0,256.12,188.3235294117647,211.299,0,1,0,0,0,0,0,1,0,0,0,0,0,1,0,0,0,0,0,1,0,0,0,0,0,1,0,0,0,0,0,1,0,1,0,0,0,0,1,0,0,0,1,0,1,0,0,0,1,0,1,0,1,0
24,1987,2,4,21,1,2,1,1,0,0,1,0,0,0,1,0,79.48,90.31818181818181,41.727,1,0,0,0,0,0,1,0,0,0,0,0,0,1,0,0,0,0,0,1,0,0,0,0,0,0,1,0,0,0,0,1,0,1,0,0,1,0,0,0,0,0,1,1,0,0,0,1,0,0,1,0,1,0
8,760,4,2,44,1,1,0,0,1,0,1,0,0,1,0,0,84.44444444444444,16.88888888888889,33.44,0,1,0,0,0,0,1,0,0,0,0,0,0,1,0,0,0,0,0,1,0,0,0,0,0,0,0,1,0,0,1,0,0,0,0,1,1,0,0,0,0,0,1,0,1,0,0,1,0,0,1,0,1,0
24,2603,2,4,28,1,1,0,0,1,0,0,1,0,0,1,0,104.12,89.75862068965517,72.884,0,0,0,1,0,0,1,0,0,0,1,0,0,0,0,0,0,0,0,0,0,0,1,0,0,0,1,0,0,0,1,0,0,1,0,0,0,0,1,0,0,0,1,1,0,0,0,0,1,0,0,1,1,0
4,3380,1,1,37,1,2,0,0,1,0,0,1,0,1,0,0,676.0,88.94736842105263,125.06,0,0,0,1,0,0,0,0,1,1,0,0,0,0,0,0,0,0,0,1,0,0,0,0,0,0,0,1,0,0,1,0,0,1,0,0,1,0,0,0,0,0,1,0,1,0,0,0,1,0,1,0,1,0
36,3990,3,2,29,1,1,0,0,1,0,0,1,0,0,0,1,107.83783783783784,133.0,115.71,0,1,0,0,0,1,0,0,0,0,0,0,0,0,1,0,0,0,0,0,0,0,0,1,0,1,0,0,0,0,1,0,0,1,0,0,0,0,0,1,1,0,0,0,1,0,1,0,0,0,1,0,1,0
24,11560,1,4,23,2,1,1,1,0,0,0,0,1,0,1,0,462.4,481.6666666666667,265.88,0,1,0,0,0,0,1,0,0,0,1,0,0,0,0,0,0,0,0,1,0,0,0,0,0,0,1,0,0,0,1,0,0,1,0,0,0,0,1,0,0,0,1,1,0,0,0,0,0,1,1,0,1,0
18,4380,3,4,35,1,2,0,0,1,0,0,1,0,0,1,0,230.52631578947367,121.66666666666667,153.3,1,0,0,0,0,0,1,0,0,1,0,0,0,0,0,0,0,0,0,0,1,0,0,0,0,0,1,0,0,0,0,1,0,1,0,0,0,0,1,0,0,0,1,0,1,0,0,1,0,0,0,1,1,0
6,6761,1,3,45,2,2,0,0,1,0,0,0,1,1,0,0,965.8571428571429,146.97826086956522,304.245,0,0,0,1,0,0,0,0,1,1,0,0,0,0,0,0,0,0,0,1,0,0,0,0,0,0,0,1,0,0,0,1,0,1,0,0,0,0,0,1,0,0,1,0,1,0,0,0,0,1,0,1,1,0
30,4280,4,4,26,2,1,1,0,1,0,0,1,0,0,0,1,138.06451612903226,158.5185185185185,111.28,0,1,0,0,1,0,0,0,0,0,0,0,0,0,0,0,0,0,1,0,1,0,0,0,0,0,1,0,0,0,1,0,0,1,0,0,0,0,1,0,0,0,1,1,0,0,0,1,0,0,1,0,1,0
24,2325,2,3,32,1,1,0,0,1,0,1,0,0,0,1,0,93.0,70.45454545454545,74.4,1,0,0,0,0,1,0,0,0,1,0,0,0,0,0,0,0,0,0,0,1,0,0,0,0,0,0,1,0,0,0,1,0,1,0,0,0,0,1,0,1,0,0,0,1,0,0,0,1,0,1,0,1,0
10,1048,4,4,23,1,1,0,1,0,0,1,0,0,1,0,0,95.27272727272727,43.666666666666664,24.104,0,1,0,0,0,1,0,0,0,0,0,0,0,1,0,0,0,0,0,1,0,0,0,0,0,0,1,0,0,0,0,1,0,1,0,0,1,0,0,0,0,1,0,0,1,0,0,1,0,0,1,0,1,0
21,3160,4,3,41,1,1,0,0,1,0,0,1,0,0,1,0,143.63636363636363,75.23809523809524,129.56,0,0,0,1,0,0,1,0,0,0,0,0,0,1,0,0,0,0,0,0,0,0,0,1,0,0,0,0,1,0,0,1,0,1,0,0,0,1,0,0,0,0,1,0,1,0,0,0,1,0,0,1,1,0
24,2483,4,4,22,1,1,0,1,0,0,1,0,0,0,1,0,99.32,107.95652173913044,54.626,1,0,0,0,0,1,0,0,0,0,0,0,1,0,0,0,0,0,0,0,0,1,0,0,0,0,1,0,0,0,0,1,0,1,0,0,1,0,0,0,0,1,0,0,1,0,0,0,1,0,0,1,1,0
39,14179,4,4,30,2,1,0,0,1,0,0,0,1,0,0,1,354.475,457.38709677419354,425.37,1,0,0,0,0,0,0,0,1,0,0,0,1,0,0,0,0,0,0,0,0,0,0,1,0,0,0,1,0,0,0,1,0,1,0,0,0,1,0,0,0,0,1,0,1,0,0,0,0,1,0,1,1,0
13,1797,3,1,28,2,1,0,0,1,0,1,0,0,0,1,0,128.35714285714286,61.96551724137931,50.316,1,0,0,0,0,0,0,0,1,0,0,0,0,0,0,0,0,0,1,1,0,0,0,0,0,1,0,0,0,0,0,1,0,1,0,0,0,1,0,0,1,0,0,0,1,0,0,1,0,0,1,0,1,0
15,2511,1,4,23,1,1,0,1,0,0,0,1,0,0,1,0,156.9375,104.625,57.753,1,0,0,0,0,0,1,0,0,1,0,0,0,0,0,0,0,0,0,1,0,0,0,0,1,0,0,0,0,0,1,0,0,1,0,0,0,0,1,0,0,0,1,1,0,0,0,0,1,0,1,0,1,0
12,1274,3,1,37,1,1,1,0,1,0,1,0,0,1,0,0,98.0,33.526315789473685,47.138,1,0,0,0,0,0,1,0,0,1,0,0,0,0,0,0,0,0,0,1,0,0,0,0,0,1,0,0,0,0,1,0,0,1,0,0,1,0,0,0,0,0,1,0,1,0,0,1,0,0,1,0,1,0
21,5248,1,3,26,1,1,0,0,1,0,0,0,1,0,1,0,238.54545454545453,194.37037037037038,136.448,0,0,0,1,0,0,1,0,0,0,1,0,0,0,0,0,0,0,0,0,0,0,0,1,0,0,1,0,0,0,0,1,0,1,0,0,0,0,1,0,0,0,1,0,1,0,0,0,1,0,1,0,1,0
15,3029,2,2,33,1,1,0,0,1,0,0,1,0,0,1,0,189.3125,89.08823529411765,99.957,0,0,0,1,0,0,1,0,0,0,1,0,0,0,0,0,0,0,0,1,0,0,0,0,0,0,0,1,0,0,0,1,0,1,0,0,0,0,1,0,0,0,1,0,1,0,0,0,1,0,1,0,1,0
6,428,2,1,49,1,1,0,0,1,0,1,0,0,1,0,0,61.142857142857146,8.56,20.972,1,0,0,0,0,0,1,0,0,0,0,0,1,0,0,0,0,0,0,1,0,0,0,0,0,0,0,0,1,0,1,0,0,1,0,0,0,1,0,0,1,0,0,0,1,0,0,0,1,0,0,1,1,0
18,976,1,2,23,1,1,1,1,0,0,1,0,0,0,1,0,51.36842105263158,40.666666666666664,22.448,1,0,0,0,0,0,1,0,0,1,0,0,0,0,0,0,0,0,0,1,0,0,0,0,0,1,0,0,0,0,1,0,0,1,0,0,0,0,1,0,0,0,1,0,1,0,0,1,0,0,1,0,1,0
12,841,2,4,23,1,1,0,1,0,0,1,0,0,1,0,0,64.6923076923077,35.041666666666664,19.343,0,1,0,0,0,0,1,0,0,0,0,0,0,0,0,0,0,0,1,0,1,0,0,0,0,0,0,1,0,0,1,0,0,1,0,0,1,0,0,0,0,0,1,1,0,0,0,1,0,0,1,0,1,0
30,5771,4,2,25,2,1,0,0,1,0,0,0,1,0,0,1,186.16129032258064,221.96153846153845,144.275,0,0,0,1,0,0,0,0,1,0,0,0,0,1,0,0,0,0,0,1,0,0,0,0,0,0,0,1,0,0,1,0,0,1,0,0,0,0,1,0,0,0,1,0,1,0,0,0,1,0,1,0,1,0
12,1555,4,4,55,2,2,1,0,1,0,1,0,0,1,0,0,119.61538461538461,27.767857142857142,85.525,0,0,0,1,0,0,0,1,0,0,0,0,0,0,0,1,0,0,0,0,0,0,1,0,0,0,0,0,1,0,0,1,0,1,0,0,0,0,0,1,0,0,1,0,0,1,0,0,1,0,1,0,1,0
24,1285,4,4,32,1,1,1,0,1,0,1,0,0,0,1,0,51.4,38.93939393939394,41.12,1,0,0,0,0,0,1,0,0,1,0,0,0,0,0,0,0,0,0,0,0,0,0,1,0,0,0,1,0,0,1,0,0,1,0,0,0,0,0,1,0,0,1,1,0,0,0,0,1,0,1,0,1,0
6,1299,1,1,74,3,2,0,0,0,1,1,0,0,1,0,0,185.57142857142858,17.32,96.126,0,0,1,0,0,0,0,0,1,1,0,0,0,0,0,0,0,0,0,1,0,0,0,0,0,0,1,0,0,0,0,1,0,1,0,0,1,0,0,0,0,0,1,0,1,0,1,0,0,0,1,0,0,1
15,1271,3,4,39,2,1,1,0,1,0,1,0,0,0,1,0,79.4375,31.775,49.569,0,0,1,0,0,0,0,0,1,0,0,0,0,1,0,0,0,0,0,0,0,0,0,1,0,0,1,0,0,0,0,1,0,1,0,0,0,0,0,1,0,0,1,0,0,1,0,0,1,0,0,1,1,0
24,1393,2,2,31,1,1,0,0,1,0,1,0,0,0,1,0,55.72,43.53125,43.183,0,0,0,1,0,0,1,0,0,1,0,0,0,0,0,0,0,0,0,1,0,0,0,0,0,0,1,0,0,0,0,1,0,0,0,1,1,0,0,0,0,0,1,0,1,0,0,0,1,0,0,1,1,0
12,691,4,3,35,2,1,1,0,1,0,1,0,0,1,0,0,53.15384615384615,19.194444444444443,24.185,1,0,0,0,0,0,0,0,1,1,0,0,0,0,0,0,0,0,0,1,0,0,0,0,0,0,0,0,1,0,0,1,0,1,0,0,0,1,0,0,0,0,1,0,1,0,0,0,1,0,1,0,1,0
15,5045,1,4,59,1,1,0,0,1,0,0,0,1,0,1,0,315.3125,84.08333333333333,297.655,0,0,0,1,0,0,0,0,1,1,0,0,0,0,0,0,0,0,0,0,0,0,0,1,0,0,0,0,1,0,1,0,0,1,0,0,0,0,1,0,0,0,1,0,1,0,0,0,1,0,0,1,1,0
18,2124,4,4,24,2,1,1,1,0,0,1,0,0,0,1,0,111.78947368421052,84.96,50.976,1,0,0,0,0,0,0,0,1,0,0,0,1,0,0,0,0,0,0,1,0,0,0,0,0,0,1,0,0,0,1,0,0,1,0,0,1,0,0,0,0,0,1,1,0,0,0,0,1,0,1,0,1,0
12,2214,4,3,24,1,1,0,1,0,0,1,0,0,1,0,0,170.30769230769232,88.56,53.136,1,0,0,0,0,0,1,0,0,0,0,0,0,1,0,0,0,0,0,1,0,0,0,0,0,0,1,0,0,0,0,1,0,1,0,0,0,1,0,0,0,0,1,0,1,0,0,1,0,0,1,0,1,0
21,12680,4,4,30,1,1,1,0,1,0,0,0,1,0,1,0,576.3636363636364,409.03225806451616,380.4,0,0,0,1,0,0,0,0,1,1,0,0,0,0,0,0,0,0,0,0,0,0,0,1,0,0,0,0,1,0,0,1,0,1,0,0,0,0,0,1,0,0,1,0,0,1,0,0,0,1,0,1,1,0
24,2463,4,3,27,2,1,0,0,1,0,1,0,0,0,1,0,98.52,87.96428571428571,66.501,0,0,0,1,0,0,0,0,1,1,0,0,0,0,0,0,0,0,0,0,1,0,0,0,0,0,0,1,0,0,0,0,1,1,0,0,0,1,0,0,0,0,1,0,1,0,0,0,1,0,0,1,1,0
12,1155,3,3,40,2,1,0,0,1,0,1,0,0,1,0,0,88.84615384615384,28.170731707317074,46.2,0,1,0,0,0,0,1,0,0,0,0,0,0,1,0,0,0,0,0,1,0,0,0,0,0,0,0,0,1,0,0,0,1,0,0,1,1,0,0,0,1,0,0,0,1,0,0,1,0,0,1,0,1,0
30,3108,2,4,31,1,1,1,0,1,0,0,1,0,0,0,1,100.25806451612904,97.125,96.348,1,0,0,0,0,0,1,0,0,0,0,0,1,0,0,0,0,0,0,1,0,0,0,0,0,1,0,0,0,1,0,0,0,1,0,0,0,1,0,0,0,0,1,0,1,0,0,1,0,0,1,0,1,0
10,2901,1,4,31,1,1,0,0,1,0,0,1,0,1,0,0,263.72727272727275,90.65625,89.931,0,0,0,1,0,0,1,0,0,0,1,0,0,0,0,0,0,0,0,0,0,0,0,1,0,1,0,0,0,0,1,0,0,1,0,0,1,0,0,0,0,0,1,1,0,0,0,0,1,0,1,0,1,0
12,3617,1,4,28,3,1,0,0,1,0,0,1,0,1,0,0,278.2307692307692,124.72413793103448,101.276,0,1,0,0,0,0,0,0,1,0,0,0,1,0,0,0,0,0,0,1,0,0,0,0,0,0,0,0,1,0,0,1,0,1,0,0,0,0,1,0,0,0,1,1,0,0,0,0,1,0,0,1,1,0
12,1655,2,4,63,2,1,0,0,0,1,1,0,0,1,0,0,127.3076923076923,25.859375,104.265,0,0,0,1,0,0,0,0,1,0,0,0,0,1,0,0,0,0,0,1,0,0,0,0,0,0,0,0,1,0,0,1,0,1,0,0,1,0,0,0,0,0,1,0,1,0,0,1,0,0,0,1,1,0
24,2812,2,4,26,1,1,0,0,1,0,0,1,0,0,1,0,112.48,104.14814814814815,73.112,1,0,0,0,0,0,1,0,0,0,1,0,0,0,0,0,0,0,0,0,0,0,0,1,0,0,0,0,1,0,1,0,0,1,0,0,1,0,0,0,0,0,1,1,0,0,0,0,1,0,1,0,1,0
36,8065,3,2,25,2,1,1,0,1,0,0,0,1,0,0,1,217.97297297297297,310.1923076923077,201.625,1,0,0,0,0,0,0,0,1,0,0,0,0,0,0,0,1,0,0,1,0,0,0,0,0,0,1,0,0,0,1,0,0,1,0,0,0,0,0,1,0,0,1,0,1,0,0,0,0,1,0,1,1,0
21,3275,1,4,36,1,1,0,0,1,0,0,1,0,0,1,0,148.86363636363637,88.51351351351352,117.9,0,0,0,1,0,0,0,0,1,0,1,0,0,0,0,0,0,0,0,1,0,0,0,0,0,0,0,0,1,0,0,1,0,1,0,0,0,0,1,0,0,0,1,0,1,0,0,0,0,1,0,1,1,0
24,2223,4,4,52,2,1,0,0,1,0,1,0,0,0,1,0,88.92,41.943396226415096,115.596,0,0,0,1,0,0,0,0,1,0,0,0,0,1,0,0,0,0,0,0,1,0,0,0,0,0,0,0,1,0,0,1,0,1,0,0,0,1,0,0,1,0,0,0,1,0,0,0,1,0,1,0,1,0
12,1480,2,4,66,3,1,0,0,0,1,1,0,0,1,0,0,113.84615384615384,22.08955223880597,97.68,0,0,1,0,0,0,0,0,1,1,0,0,0,0,0,0,0,0,0,0,0,1,0,0,1,0,0,0,0,0,0,1,0,1,0,0,0,0,0,1,1,0,0,0,0,1,1,0,0,0,1,0,1,0
24,1371,4,4,25,1,1,1,0,1,0,1,0,0,0,1,0,54.84,52.73076923076923,34.275,1,0,0,0,0,0,1,0,0,1,0,0,0,0,0,0,0,0,0,0,0,0,0,1,0,0,1,0,0,0,1,0,0,1,0,0,1,0,0,0,0,0,1,1,0,0,0,0,1,0,1,0,1,0
36,3535,4,4,37,2,1,0,0,1,0,0,1,0,0,0,1,95.54054054054055,93.02631578947368,130.795,0,0,0,1,0,0,0,0,1,1,0,0,0,0,0,0,0,0,0,1,0,0,0,0,0,0,0,1,0,0,0,1,0,1,0,0,0,0,1,0,0,0,1,0,1,0,0,0,1,0,0,1,1,0
18,3509,4,1,25,1,1,0,0,1,0,0,1,0,0,1,0,184.68421052631578,134.96153846153845,87.725,1,0,0,0,0,0,1,0,0,0,0,0,0,1,0,0,0,0,0,1,0,0,0,0,0,0,0,1,0,0,1,0,0,0,0,1,1,0,0,0,0,0,1,0,1,0,0,0,1,0,1,0,1,0
36,5711,4,2,38,2,1,0,0,1,0,0,0,1,0,0,1,154.35135135135135,146.43589743589743,217.018,0,0,0,1,0,0,0,0,1,0,1,0,0,0,0,0,0,0,0,0,0,0,1,0,0,0,0,0,1,0,0,1,0,1,0,0,0,0,1,0,0,0,1,0,1,0,0,0,0,1,0,1,1,0
18,3872,2,4,67,1,1,0,0,0,1,0,1,0,0,1,0,203.78947368421052,56.94117647058823,259.424,0,1,0,0,0,0,1,0,0,0,0,0,0,0,0,1,0,0,0,1,0,0,0,0,1,0,0,0,0,0,1,0,0,1,0,0,0,0,1,0,0,0,1,0,1,0,0,0,1,0,0,1,1,0
39,4933,2,2,25,2,1,1,0,1,0,0,1,0,0,0,1,123.325,189.73076923076923,123.325,0,1,0,0,0,0,0,0,1,0,0,0,0,1,0,0,0,0,0,1,0,0,0,0,0,0,0,1,0,0,0,1,0,0,0,1,1,0,0,0,0,0,1,0,1,0,0,0,1,0,1,0,1,0
24,1940,4,4,60,1,1,0,0,0,1,1,0,0,0,1,0,77.6,31.80327868852459,116.4,0,0,0,1,0,0,0,0,1,1,0,0,0,0,0,0,0,0,0,0,0,0,1,0,0,0,0,0,1,0,0,1,0,1,0,0,1,0,0,0,0,0,1,0,1,0,0,0,1,0,0,1,1,0
12,1410,2,2,31,1,1,0,0,1,0,1,0,0,1,0,0,108.46153846153847,44.0625,43.71,0,1,0,0,1,0,0,0,0,0,0,0,0,0,0,0,0,1,0,1,0,0,0,0,0,0,1,0,0,0,0,1,0,1,0,0,1,0,0,0,0,0,1,0,1,0,0,1,0,0,0,1,1,0
12,836,4,2,23,1,1,1,1,0,0,1,0,0,1,0,0,64.3076923076923,34.833333333333336,19.228,0,1,0,0,0,0,1,0,0,1,0,0,0,0,0,0,0,0,0,0,1,0,0,0,0,1,0,0,0,0,1,0,0,1,0,0,0,1,0,0,1,0,0,0,1,0,0,1,0,0,1,0,1,0
20,6468,1,4,60,1,1,0,0,0,1,0,0,1,0,1,0,308.0,106.0327868852459,388.08,0,1,0,0,0,0,1,0,0,0,1,0,0,0,0,0,0,0,0,0,0,0,0,1,1,0,0,0,0,1,0,0,0,1,0,0,1,0,0,0,0,0,1,0,1,0,0,0,0,1,0,1,1,0
18,1941,4,2,35,1,1,0,0,1,0,1,0,0,0,1,0,102.15789473684211,53.916666666666664,67.935,0,1,0,0,0,0,1,0,0,0,0,0,0,0,0,0,0,0,1,0,0,0,1,0,0,0,1,0,0,0,0,1,0,1,0,0,0,1,0,0,0,0,1,0,1,0,0,1,0,0,0,1,1,0
22,2675,3,4,40,1,1,0,0,1,0,0,1,0,0,1,0,116.30434782608695,65.2439024390244,107.0,0,0,0,1,0,0,1,0,0,0,0,0,0,1,0,0,0,0,0,0,0,1,0,0,0,0,0,0,1,0,0,1,0,1,0,0,0,0,1,0,0,0,1,0,1,0,0,0,1,0,1,0,1,0
48,2751,4,3,38,2,2,0,0,1,0,0,1,0,0,0,1,56.142857142857146,70.53846153846153,104.538,0,0,0,1,0,0,0,0,1,0,1,0,0,0,0,0,0,0,0,0,0,0,0,1,0,0,0,0,1,0,0,1,0,1,0,0,0,0,1,0,0,0,1,0,1,0,0,0,1,0,0,1,1,0
48,6224,4,4,50,1,1,1,0,1,0,0,0,1,0,0,1,127.0204081632653,122.03921568627452,311.2,0,1,0,0,0,0,0,1,0,0,0,0,0,0,0,0,1,0,0,1,0,0,0,0,0,0,0,0,1,0,0,1,0,1,0,0,0,0,0,1,0,0,1,0,0,1,0,0,1,0,1,0,1,0
40,5998,4,3,27,1,1,1,0,1,0,0,0,1,0,0,1,146.29268292682926,214.21428571428572,161.946,1,0,0,0,0,0,0,0,1,0,0,0,0,0,0,0,1,0,0,1,0,0,0,0,0,0,1,0,0,0,0,1,0,1,0,0,0,0,0,1,1,0,0,0,1,0,0,0,1,0,0,1,1,0
21,1188,2,4,39,1,2,1,0,1,0,1,0,0,0,1,0,54.0,29.7,46.332,0,1,0,0,0,0,1,0,0,0,0,0,0,0,0,0,0,0,1,1,0,0,0,0,0,0,0,0,1,0,1,0,0,1,0,0,0,1,0,0,0,0,1,0,1,0,0,0,1,0,1,0,1,0
24,6313,3,4,41,1,2,0,0,1,0,0,0,1,0,1,0,252.52,150.3095238095238,258.833,0,0,0,1,0,0,1,0,0,0,1,0,0,0,0,0,0,0,0,0,0,0,0,1,0,0,0,0,1,0,0,1,0,1,0,0,0,0,1,0,0,0,1,0,1,0,0,0,0,1,0,1,1,0
6,1221,1,2,27,2,1,0,0,1,0,1,0,0,1,0,0,174.42857142857142,43.607142857142854,32.967,0,0,0,1,0,0,0,0,1,0,0,0,1,0,0,0,0,0,0,0,0,0,0,1,0,0,1,0,0,0,0,0,1,1,0,0,0,1,0,0,0,0,1,0,1,0,0,0,1,0,1,0,1,0
24,2892,3,4,51,1,1,0,0,1,0,0,1,0,0,1,0,115.68,55.61538461538461,147.492,0,0,1,0,0,0,1,0,0,0,0,0,1,0,0,0,0,0,0,1,0,0,0,0,0,0,0,0,1,1,0,0,0,1,0,0,0,0,0,1,0,0,1,0,0,1,0,0,1,0,1,0,1,0
24,3062,4,3,32,1,1,0,0,1,0,0,1,0,0,1,0,122.48,92.78787878787878,97.984,0,0,0,1,0,0,1,0,0,0,0,0,1,0,0,0,0,0,0,0,0,1,0,0,0,0,0,0,1,0,0,1,0,1,0,0,0,0,0,1,0,0,1,1,0,0,0,0,1,0,0,1,1,0
9,2301,2,4,22,1,1,0,1,0,0,1,0,0,1,0,0,230.1,100.04347826086956,50.622,0,0,0,1,0,0,1,0,0,0,0,0,1,0,0,0,0,0,0,0,1,0,0,0,0,1,0,0,0,0,1,0,0,1,0,0,0,1,0,0,0,0,1,1,0,0,0,0,1,0,1,0,1,0
18,7511,1,4,51,1,2,1,0,1,0,0,0,1,0,1,0,395.3157894736842,144.44230769230768,383.061,1,0,0,0,0,0,1,0,0,0,1,0,0,0,0,0,0,0,0,0,0,0,0,1,0,0,0,0,1,0,0,1,0,1,0,0,0,1,0,0,0,0,1,0,0,1,0,0,1,0,0,1,1,0
12,1258,2,4,22,2,1,0,1,0,0,1,0,0,1,0,0,96.76923076923077,54.69565217391305,27.676,0,0,0,1,0,0,0,0,1,0,0,0,1,0,0,0,0,0,0,1,0,0,0,0,0,1,0,0,0,0,1,0,0,1,0,0,0,1,0,0,0,0,1,1,0,0,0,1,0,0,1,0,1,0
24,717,4,4,54,2,1,0,0,1,0,1,0,0,0,1,0,28.68,13.036363636363637,38.718,0,0,0,1,0,0,0,1,0,1,0,0,0,0,0,0,0,0,0,0,0,0,0,1,0,0,0,0,1,0,0,0,1,1,0,0,0,0,1,0,0,0,1,0,1,0,0,0,1,0,0,1,1,0
9,1549,4,2,35,1,1,0,0,1,0,1,0,0,1,0,0,154.9,43.02777777777778,54.215,0,1,0,0,0,0,1,0,0,1,0,0,0,0,0,0,0,0,0,0,0,0,0,1,0,1,0,0,0,0,0,1,0,1,0,0,1,0,0,0,0,0,1,0,1,0,1,0,0,0,1,0,1,0
24,1597,4,4,54,2,2,0,0,1,0,1,0,0,0,1,0,63.88,29.036363636363635,86.238,0,0,0,1,0,0,0,0,1,0,0,0,0,0,0,0,1,0,0,1,0,0,0,0,0,0,0,0,1,0,0,1,0,1,0,0,0,0,0,1,0,0,1,0,0,1,0,0,1,0,1,0,1,0
18,1795,3,4,48,2,1,0,0,1,0,1,0,0,0,1,0,94.47368421052632,36.63265306122449,86.16,0,1,0,0,0,0,0,0,1,0,0,0,0,1,0,0,0,0,0,1,0,0,0,0,0,0,0,0,1,0,1,0,0,0,0,1,1,0,0,0,1,0,0,1,0,0,0,1,0,0,0,1,1,0
20,4272,1,4,24,2,1,0,1,0,0,0,1,0,0,1,0,203.42857142857142,170.88,102.528,1,0,0,0,0,0,0,0,1,0,0,0,1,0,0,0,0,0,0,1,0,0,0,0,0,0,0,0,1,0,1,0,0,1,0,0,0,1,0,0,0,0,1,0,1,0,0,0,1,0,1,0,1,0
12,976,4,4,35,2,1,0,0,1,0,1,0,0,1,0,0,75.07692307692308,27.11111111111111,34.16,0,0,0,1,0,0,0,0,1,0,0,0,0,1,0,0,0,0,0,0,0,0,0,1,0,0,0,0,1,0,0,1,0,1,0,0,0,0,1,0,0,0,1,0,1,0,0,0,1,0,1,0,1,0
12,7472,1,2,24,1,1,0,1,0,0,0,0,1,1,0,0,574.7692307692307,298.88,179.328,0,1,0,0,0,0,1,0,0,1,0,0,0,0,0,0,0,0,0,0,0,0,0,1,1,0,0,0,0,0,1,0,0,1,0,0,1,0,0,0,0,0,1,1,0,0,1,0,0,0,1,0,1,0
36,9271,2,1,24,1,1,1,1,0,0,0,0,1,0,0,1,250.56756756756758,370.84,222.504,1,0,0,0,0,0,1,0,0,1,0,0,0,0,0,0,0,0,0,1,0,0,0,0,0,0,0,1,0,0,0,1,0,1,0,0,0,0,1,0,0,0,1,0,1,0,0,0,1,0,0,1,1,0
6,590,3,3,26,1,1,0,0,1,0,1,0,0,1,0,0,84.28571428571429,21.85185185185185,15.34,0,1,0,0,0,0,1,0,0,0,0,0,0,1,0,0,0,0,0,1,0,0,0,0,0,1,0,0,0,0,0,0,1,1,0,0,1,0,0,0,0,0,1,0,1,0,0,1,0,0,1,0,0,1
12,930,4,4,65,4,1,0,0,0,1,1,0,0,1,0,0,71.53846153846153,14.090909090909092,60.45,0,0,0,1,0,0,0,0,1,0,0,0,0,1,0,0,0,0,0,0,0,0,0,1,0,0,0,0,1,0,0,1,0,1,0,0,1,0,0,0,0,0,1,0,1,0,0,0,1,0,1,0,1,0
42,9283,1,2,55,1,1,0,0,1,0,0,0,1,0,0,1,215.88372093023256,165.76785714285714,510.565,0,1,0,0,0,1,0,0,0,0,1,0,0,0,0,0,0,0,0,1,0,0,0,0,1,0,0,0,0,0,0,1,0,1,0,0,0,0,0,1,1,0,0,0,0,1,0,0,0,1,0,1,1,0
15,1778,2,1,26,2,1,1,0,1,0,1,0,0,0,1,0,111.125,65.85185185185185,46.228,0,1,0,0,1,0,0,0,0,1,0,0,0,0,0,0,0,0,0,1,0,0,0,0,0,1,0,0,0,0,1,0,0,1,0,0,1,0,0,0,0,0,1,1,0,0,1,0,0,0,1,0,1,0
8,907,3,2,26,1,1,0,0,1,0,1,0,0,1,0,0,100.77777777777777,33.592592592592595,23.582,0,1,0,0,0,0,1,0,0,0,0,0,0,0,0,0,0,0,1,1,0,0,0,0,0,1,0,0,0,0,0,0,1,1,0,0,1,0,0,0,0,0,1,0,1,0,0,0,1,0,0,1,1,0
6,484,3,3,28,1,1,0,0,1,0,1,0,0,1,0,0,69.14285714285714,16.689655172413794,13.552,0,1,0,0,0,0,1,0,0,0,0,0,0,1,0,0,0,0,0,1,0,0,0,0,0,0,0,1,0,0,0,0,1,0,0,1,1,0,0,0,1,0,0,0,1,0,0,1,0,0,1,0,1,0
36,9629,4,4,24,2,1,1,1,0,0,0,0,1,0,0,1,260.2432432432432,385.16,231.096,1,0,0,0,0,0,0,0,1,0,1,0,0,0,0,0,0,0,0,1,0,0,0,0,0,0,0,1,0,0,0,1,0,1,0,0,0,0,1,0,0,0,1,0,1,0,0,0,1,0,0,1,1,0
48,3051,3,4,54,1,1,1,0,1,0,0,1,0,0,0,1,62.265306122448976,55.472727272727276,164.754,1,0,0,0,0,0,1,0,0,0,0,0,0,0,1,0,0,0,0,1,0,0,0,0,0,0,1,0,0,0,0,1,0,1,0,0,0,0,1,0,0,0,1,0,1,0,0,0,1,0,1,0,1,0
48,3931,4,4,46,1,2,1,0,1,0,0,1,0,0,0,1,80.22448979591837,83.63829787234043,180.826,1,0,0,0,0,0,1,0,0,1,0,0,0,0,0,0,0,0,0,1,0,0,0,0,0,0,0,1,0,0,0,1,0,1,0,0,0,0,0,1,0,0,1,0,0,1,0,0,1,0,1,0,1,0
36,7432,2,2,54,1,1,0,0,1,0,0,0,1,0,0,1,200.86486486486487,135.12727272727273,401.328,0,1,0,0,0,0,0,1,0,1,0,0,0,0,0,0,0,0,0,1,0,0,0,0,0,0,1,0,0,0,1,0,0,1,0,0,0,1,0,0,0,0,1,1,0,0,0,0,1,0,1,0,1,0
6,1338,1,4,62,1,1,0,0,0,1,1,0,0,1,0,0,191.14285714285714,21.238095238095237,82.956,0,0,0,1,0,0,1,0,0,0,0,0,0,0,1,0,0,0,0,0,0,1,0,0,0,0,1,0,0,1,0,0,0,1,0,0,1,0,0,0,0,0,1,0,1,0,0,0,1,0,1,0,1,0
6,1554,1,2,24,2,1,0,1,0,0,1,0,0,1,0,0,222.0,62.16,37.296,0,0,0,1,0,0,0,0,1,0,0,0,0,1,0,0,0,0,0,1,0,0,0,0,0,0,0,1,0,0,1,0,0,1,0,0,0,0,1,0,0,0,1,1,0,0,0,0,1,0,0,1,1,0
36,15857,2,3,43,1,1,0,0,1,0,0,0,1,0,0,1,428.56756756756755,360.3863636363636,681.851,1,0,0,0,0,0,1,0,0,0,0,1,0,0,0,0,0,0,0,1,0,0,0,0,1,0,0,0,0,1,0,0,0,0,1,0,0,0,1,0,0,0,1,0,1,0,0,0,0,1,1,0,1,0
18,1345,4,3,26,1,1,1,0,1,0,1,0,0,0,1,0,70.78947368421052,49.81481481481482,34.97,1,0,0,0,0,0,1,0,0,0,0,0,0,1,0,0,0,0,0,1,0,0,0,0,0,0,1,0,0,0,0,0,1,1,0,0,1,0,0,0,1,0,0,0,1,0,0,0,1,0,1,0,1,0
12,1101,3,2,27,2,1,0,0,1,0,1,0,0,1,0,0,84.6923076923077,39.32142857142857,29.727,0,0,0,1,0,0,1,0,0,1,0,0,0,0,0,0,0,0,0,1,0,0,0,0,0,0,1,0,0,0,0,0,1,1,0,0,1,0,0,0,0,0,1,0,1,0,0,0,1,0,0,1,1,0
12,3016,3,1,24,1,1,0,1,0,0,0,1,0,1,0,0,232.0,120.64,72.384,0,0,1,0,0,0,1,0,0,0,0,0,0,1,0,0,0,0,0,1,0,0,0,0,0,0,1,0,0,0,0,0,1,1,0,0,0,0,1,0,0,0,1,0,1,0,0,0,1,0,1,0,1,0
36,2712,2,2,41,1,2,1,0,1,0,0,1,0,0,0,1,73.29729729729729,64.57142857142857,111.192,1,0,0,0,0,0,1,0,0,0,0,0,1,0,0,0,0,0,0,1,0,0,0,0,0,0,0,0,1,0,0,1,0,1,0,0,0,1,0,0,1,0,0,0,1,0,0,0,1,0,1,0,1,0
8,731,4,4,47,2,1,0,0,1,0,1,0,0,1,0,0,81.22222222222223,15.229166666666666,34.357,1,0,0,0,0,0,0,0,1,1,0,0,0,0,0,0,0,0,0,1,0,0,0,0,0,0,0,0,1,0,0,1,0,1,0,0,1,0,0,0,0,0,1,0,1,0,0,1,0,0,1,0,1,0
18,3780,3,2,35,2,1,0,0,1,0,0,1,0,0,1,0,198.94736842105263,105.0,132.3,0,0,0,1,0,0,0,0,1,0,0,0,1,0,0,0,0,0,0,1,0,0,0,0,0,1,0,0,0,1,0,0,0,1,0,0,0,0,1,0,0,0,1,0,1,0,0,0,0,1,0,1,1,0
21,1602,4,3,30,2,1,0,0,1,0,1,0,0,0,1,0,72.81818181818181,51.67741935483871,48.06,1,0,0,0,0,0,0,0,1,1,0,0,0,0,0,0,0,0,0,1,0,0,0,0,0,0,0,0,1,0,0,0,1,1,0,0,0,0,1,0,0,0,1,0,1,0,0,0,1,0,0,1,1,0
18,3966,1,4,33,3,1,1,0,1,0,0,1,0,0,1,0,208.73684210526315,116.6470588235294,130.878,1,0,0,0,0,0,0,0,1,1,0,0,0,0,0,0,0,0,0,1,0,0,0,0,0,0,0,0,1,0,1,0,0,1,0,0,1,0,0,0,1,0,0,1,0,0,0,0,1,0,0,1,1,0
18,4165,2,2,36,2,2,1,0,1,0,0,1,0,0,1,0,219.21052631578948,112.56756756756756,149.94,0,0,0,1,1,0,0,0,0,0,0,0,0,0,0,0,0,0,1,1,0,0,0,0,0,0,1,0,0,0,0,1,0,1,0,0,0,0,1,0,0,1,0,0,1,0,0,0,1,0,1,0,1,0
36,8335,3,4,47,1,1,1,0,1,0,0,0,1,0,0,1,225.27027027027026,173.64583333333334,391.745,1,0,0,0,0,0,1,0,0,0,1,0,0,0,0,0,0,0,0,0,0,0,0,1,0,0,0,0,1,0,0,1,0,1,0,0,0,0,0,1,0,0,1,0,0,1,0,0,1,0,1,0,1,0
48,6681,4,4,38,1,2,0,0,1,0,0,0,1,0,0,1,136.3469387755102,171.30769230769232,253.878,0,1,0,0,0,0,0,1,0,0,0,0,0,0,0,0,0,0,1,0,0,0,0,1,0,0,1,0,0,0,0,1,0,1,0,0,0,0,0,1,0,0,1,0,0,1,0,0,1,0,0,1,1,0
24,2375,4,2,44,2,2,0,0,1,0,1,0,0,0,1,0,95.0,52.77777777777778,104.5,0,0,0,1,0,0,0,1,0,0,0,0,0,0,0,0,0,0,1,0,0,1,0,0,0,0,1,0,0,0,0,1,0,1,0,0,0,0,1,0,0,0,1,0,1,0,0,0,1,0,0,1,1,0
18,1216,4,3,23,1,1,1,1,0,0,1,0,0,0,1,0,64.0,50.666666666666664,27.968,1,0,0,0,0,0,1,0,0,1,0,0,0,0,0,0,0,0,0,1,0,0,0,0,0,1,0,0,0,0,1,0,0,1,0,0,0,0,1,0,0,0,1,1,0,0,0,0,1,0,0,1,1,0
45,11816,2,4,29,2,1,1,0,1,0,0,0,1,0,0,1,256.8695652173913,393.8666666666667,342.664,1,0,0,0,1,0,0,0,0,0,0,0,0,0,0,0,0,0,1,1,0,0,0,0,0,0,0,0,1,0,0,1,0,1,0,0,0,0,1,0,0,0,1,1,0,0,0,0,1,0,1,0,1,0
24,5084,2,4,42,1,1,0,0,1,0,0,0,1,0,1,0,203.36,118.23255813953489,213.528,0,1,0,0,0,0,1,0,0,0,0,0,0,1,0,0,0,0,0,0,0,0,0,1,0,0,0,0,1,0,1,0,0,1,0,0,0,0,1,0,0,0,1,0,1,0,0,0,1,0,0,1,1,0
15,2327,2,3,25,1,1,1,0,1,0,1,0,0,0,1,0,145.4375,89.5,58.175,0,0,1,0,0,0,1,0,0,0,0,0,0,1,0,0,0,0,0,1,0,0,0,0,0,1,0,0,0,0,1,0,0,1,0,0,1,0,0,0,0,0,1,0,1,0,0,1,0,0,1,0,1,0
12,1082,4,4,48,2,1,1,0,1,0,1,0,0,1,0,0,83.23076923076923,22.081632653061224,51.936,1,0,0,0,1,0,0,0,0,1,0,0,0,0,0,0,0,0,0,1,0,0,0,0,0,0,1,0,0,0,0,1,0,1,0,0,0,0,1,0,1,0,0,0,1,0,0,0,1,0,1,0,1,0
12,886,4,2,21,1,1,0,1,0,0,1,0,0,1,0,0,68.15384615384616,40.27272727272727,18.606,0,0,0,1,0,0,1,0,0,0,0,0,0,1,0,0,0,0,0,0,0,0,0,1,0,0,1,0,0,0,1,0,0,1,0,0,0,0,1,0,0,0,1,0,1,0,0,0,1,0,1,0,1,0
4,601,1,3,23,1,2,0,1,0,0,1,0,0,1,0,0,120.2,25.041666666666668,13.823,0,0,0,1,0,0,1,0,0,0,0,0,1,0,0,0,0,0,0,1,0,0,0,0,0,1,0,0,0,0,1,0,0,1,0,0,1,0,0,0,0,0,1,1,0,0,0,1,0,0,1,0,1,0
24,2957,4,4,63,2,1,0,0,0,1,0,1,0,0,1,0,118.28,46.203125,186.291,1,0,0,0,0,0,0,0,1,0,1,0,0,0,0,0,0,0,0,1,0,0,0,0,0,0,0,0,1,0,0,1,0,1,0,0,0,1,0,0,0,0,1,0,1,0,0,0,1,0,0,1,1,0
24,2611,4,3,46,2,1,0,0,1,0,0,1,0,0,1,0,104.44,55.5531914893617,120.106,0,0,0,1,0,0,0,0,1,0,0,0,0,1,0,0,0,0,0,1,0,0,0,0,0,0,0,0,1,0,0,0,1,0,1,0,1,0,0,0,0,0,1,0,1,0,0,0,1,0,1,0,1,0
36,5179,4,2,29,1,1,1,0,1,0,0,0,1,0,0,1,139.97297297297297,172.63333333333333,150.191,1,0,0,0,0,0,1,0,0,0,0,0,1,0,0,0,0,0,0,1,0,0,0,0,0,0,0,1,0,0,0,1,0,1,0,0,0,1,0,0,0,0,1,0,1,0,0,0,1,0,1,0,1,0
21,2993,3,2,28,2,1,0,0,1,0,0,1,0,0,1,0,136.04545454545453,103.20689655172414,83.804,0,0,0,1,0,0,0,1,0,0,1,0,0,0,0,0,0,0,0,1,0,0,0,0,0,0,1,0,0,0,0,1,0,1,0,0,1,0,0,0,0,1,0,0,1,0,0,1,0,0,1,0,1,0
18,1943,4,4,23,1,1,1,1,0,0,1,0,0,0,1,0,102.26315789473684,80.95833333333333,44.689,0,0,0,1,0,0,1,0,0,0,0,0,0,0,0,1,0,0,0,1,0,0,0,0,0,1,0,0,0,0,1,0,0,1,0,0,1,0,0,0,0,0,1,0,1,0,0,0,1,0,1,0,1,0
24,1559,4,4,50,1,1,0,0,1,0,1,0,0,0,1,0,62.36,30.568627450980394,77.95,0,0,0,1,0,1,0,0,0,0,0,0,0,0,0,0,0,0,1,1,0,0,0,0,0,0,0,1,0,0,0,1,0,1,0,0,0,0,1,0,1,0,0,0,1,0,0,0,1,0,0,1,1,0
18,3422,4,4,47,3,2,0,0,1,0,0,1,0,0,1,0,180.10526315789474,71.29166666666667,160.834,0,0,0,1,0,0,1,0,0,0,0,0,1,0,0,0,0,0,0,1,0,0,0,0,0,0,0,0,1,0,0,1,0,1,0,0,0,1,0,0,1,0,0,0,1,0,0,0,1,0,0,1,1,0
21,3976,2,3,35,1,1,0,0,1,0,0,1,0,0,1,0,180.72727272727272,110.44444444444444,139.16,0,1,0,0,0,0,1,0,0,0,0,0,1,0,0,0,0,0,0,0,0,0,0,1,0,0,0,1,0,0,0,1,0,1,0,0,0,0,1,0,0,0,1,0,1,0,0,0,1,0,0,1,1,0
18,6761,2,4,68,2,1,1,0,0,1,0,0,1,0,1,0,355.8421052631579,97.98550724637681,459.748,0,0,0,1,0,0,1,0,0,1,0,0,0,0,0,0,0,0,0,0,0,0,0,1,0,0,1,0,0,0,0,1,0,1,0,0,0,0,1,0,0,0,1,1,0,0,0,0,1,0,1,0,1,0
24,1249,4,2,28,1,1,0,0,1,0,1,0,0,0,1,0,49.96,43.06896551724138,34.972,0,0,0,1,0,0,1,0,0,1,0,0,0,0,0,0,0,0,0,1,0,0,0,0,0,1,0,0,0,0,0,0,1,1,0,0,1,0,0,0,0,0,1,0,1,0,0,0,1,0,1,0,1,0
9,1364,3,4,59,1,1,0,0,1,0,1,0,0,1,0,0,136.4,22.733333333333334,80.476,1,0,0,0,0,0,1,0,0,0,0,0,0,1,0,0,0,0,0,1,0,0,0,0,0,0,0,1,0,0,0,1,0,1,0,0,1,0,0,0,0,0,1,0,1,0,0,0,1,0,1,0,1,0
12,709,4,4,57,1,1,1,0,1,0,1,0,0,1,0,0,54.53846153846154,12.224137931034482,40.413,1,0,0,0,0,0,1,0,0,0,0,0,0,1,0,0,0,0,0,1,0,0,0,0,0,0,0,0,1,0,0,1,0,1,0,0,1,0,0,0,0,1,0,0,1,0,0,1,0,0,1,0,1,0
20,2235,4,2,33,2,1,1,0,1,0,1,0,0,0,1,0,106.42857142857143,65.73529411764706,73.755,1,0,0,0,0,0,0,0,1,1,0,0,0,0,0,0,0,0,0,1,0,0,0,0,0,0,1,0,0,0,0,0,1,0,0,1,0,1,0,0,1,0,0,1,0,0,0,0,1,0,1,0,0,1
24,4042,3,4,43,2,1,0,0,1,0,0,1,0,0,1,0,161.68,91.86363636363636,173.806,0,0,0,1,0,0,0,0,1,0,1,0,0,0,0,0,0,0,0,0,0,0,0,1,0,0,0,1,0,0,0,1,0,1,0,0,0,1,0,0,0,0,1,0,1,0,0,0,1,0,0,1,1,0
15,1471,4,4,35,2,1,0,0,1,0,1,0,0,0,1,0,91.9375,40.861111111111114,51.485,0,0,0,1,0,0,0,0,1,0,0,0,0,1,0,0,0,0,0,1,0,0,0,0,0,0,1,0,0,0,0,1,0,1,0,0,0,0,0,1,0,0,1,0,0,1,0,0,1,0,0,1,1,0
18,1442,4,4,32,2,2,1,0,1,0,1,0,0,0,1,0,75.89473684210526,43.696969696969695,46.144,1,0,0,0,0,1,0,0,0,1,0,0,0,0,0,0,0,0,0,1,0,0,0,0,0,0,0,1,0,0,0,1,0,1,0,0,0,0,0,1,0,0,1,0,0,1,0,1,0,0,1,0,1,0
36,10875,2,2,45,2,2,0,0,1,0,0,0,1,0,0,1,293.9189189189189,236.41304347826087,489.375,0,0,0,1,0,0,0,1,0,1,0,0,0,0,0,0,0,0,0,1,0,0,0,0,0,0,0,0,1,0,0,1,0,1,0,0,0,0,1,0,0,0,1,0,1,0,0,0,1,0,0,1,1,0
24,1474,4,3,33,1,1,0,0,1,0,1,0,0,0,1,0,58.96,43.35294117647059,48.642,0,0,0,1,0,0,1,0,0,1,0,0,0,0,0,0,0,0,0,0,1,0,0,0,0,1,0,0,0,0,0,0,1,1,0,0,1,0,0,0,0,0,1,0,1,0,0,0,1,0,0,1,1,0
10,894,4,3,40,1,1,0,0,1,0,1,0,0,1,0,0,81.27272727272727,21.804878048780488,35.76,0,0,0,1,0,0,1,0,0,0,0,0,0,0,0,0,0,1,0,0,0,0,0,1,0,0,0,1,0,0,1,0,0,1,0,0,0,1,0,0,0,0,1,0,1,0,0,0,1,0,0,1,1,0
15,3343,4,2,28,1,1,0,0,1,0,0,1,0,0,1,0,208.9375,115.27586206896552,93.604,0,0,0,1,0,0,0,0,1,0,0,0,1,0,0,0,0,0,0,1,0,0,0,0,0,0,1,0,0,0,0,1,0,1,0,0,0,0,0,1,0,0,1,0,0,1,0,0,1,0,0,1,1,0
15,3959,3,2,29,1,1,1,0,1,0,0,1,0,0,1,0,247.4375,131.96666666666667,114.811,1,0,0,0,0,0,1,0,0,1,0,0,0,0,0,0,0,0,0,1,0,0,0,0,0,0,1,0,0,0,1,0,0,1,0,0,0,1,0,0,0,0,1,0,1,0,0,0,1,0,0,1,1,0
9,3577,1,2,26,1,2,0,0,1,0,0,1,0,1,0,0,357.7,132.4814814814815,93.002,0,0,0,1,0,0,1,0,0,1,0,0,0,0,0,0,0,0,0,0,1,0,0,0,0,0,1,0,0,0,0,1,0,0,0,1,1,0,0,0,0,0,1,1,0,0,0,0,1,0,1,0,0,1
24,5804,4,2,27,2,1,0,0,1,0,0,0,1,0,1,0,232.16,207.28571428571428,156.708,0,0,0,1,0,0,0,0,1,0,1,0,0,0,0,0,0,0,0,0,0,0,1,0,0,0,1,0,0,0,0,1,0,1,0,0,1,0,0,0,0,0,1,0,1,0,0,0,1,0,1,0,1,0
18,2169,4,2,28,1,1,1,0,1,0,1,0,0,0,1,0,114.15789473684211,74.79310344827586,60.732,0,0,0,1,0,0,0,1,0,0,0,0,0,0,0,0,0,0,1,1,0,0,0,0,0,0,1,0,0,0,0,0,1,1,0,0,0,0,1,0,0,0,1,0,1,0,0,0,1,0,0,1,1,0
24,2439,4,4,35,1,1,1,0,1,0,1,0,0,0,1,0,97.56,67.75,85.365,1,0,0,0,0,0,1,0,0,0,0,0,0,1,0,0,0,0,0,1,0,0,0,0,0,1,0,0,0,0,1,0,0,1,0,0,1,0,0,0,0,0,1,0,1,0,0,0,1,0,0,1,1,0
27,4526,4,2,32,2,2,0,0,1,0,0,1,0,0,0,1,161.64285714285714,137.15151515151516,144.832,0,0,0,1,0,0,0,0,1,0,0,0,1,0,0,0,0,0,0,0,0,0,1,0,0,1,0,0,0,0,0,1,0,1,0,0,1,0,0,0,0,1,0,0,1,0,0,1,0,0,0,1,1,0
10,2210,2,2,25,1,1,1,0,1,0,1,0,0,1,0,0,200.9090909090909,85.0,55.25,0,0,0,1,0,0,1,0,0,0,0,0,1,0,0,0,0,0,0,1,0,0,0,0,0,0,1,0,0,0,0,1,0,1,0,0,1,0,0,0,1,0,0,1,0,0,0,1,0,0,1,0,1,0
15,2221,2,4,20,1,1,0,1,0,0,1,0,0,0,1,0,138.8125,105.76190476190476,44.42,0,0,0,1,0,0,1,0,0,0,0,0,1,0,0,0,0,0,0,0,0,1,0,0,0,0,1,0,0,0,1,0,0,1,0,0,0,0,1,0,0,0,1,1,0,0,0,0,1,0,1,0,1,0
18,2389,4,1,27,1,1,0,0,1,0,1,0,0,0,1,0,125.73684210526316,85.32142857142857,64.503,1,0,0,0,0,0,1,0,0,0,0,0,0,1,0,0,0,0,0,1,0,0,0,0,0,1,0,0,0,0,1,0,0,1,0,0,0,0,1,0,0,1,0,0,1,0,0,0,1,0,1,0,1,0
12,3331,2,4,42,1,1,0,0,1,0,0,1,0,1,0,0,256.2307692307692,77.46511627906976,139.902,0,0,0,1,0,0,0,0,1,0,0,0,1,0,0,0,0,0,0,1,0,0,0,0,0,0,0,0,1,0,0,1,0,1,0,0,0,1,0,0,0,1,0,0,1,0,0,0,1,0,1,0,1,0
36,7409,3,2,37,2,1,0,0,1,0,0,0,1,0,0,1,200.24324324324326,194.97368421052633,274.133,0,0,0,1,0,0,1,0,0,0,0,0,0,0,0,0,0,0,1,0,0,0,0,1,0,0,0,0,1,0,0,1,0,1,0,0,0,1,0,0,0,0,1,0,1,0,0,0,1,0,1,0,1,0
12,652,4,4,24,1,1,0,1,0,0,1,0,0,1,0,0,50.15384615384615,26.08,15.648,1,0,0,0,0,0,1,0,0,0,0,0,1,0,0,0,0,0,0,1,0,0,0,0,0,0,0,0,1,0,1,0,0,1,0,0,0,1,0,0,0,0,1,1,0,0,0,0,1,0,1,0,1,0
36,7678,2,4,40,2,1,0,0,1,0,0,0,1,0,0,1,207.51351351351352,187.26829268292684,307.12,0,0,0,1,0,0,0,1,0,0,0,0,1,0,0,0,0,0,0,0,0,1,0,0,0,0,0,1,0,0,1,0,0,1,0,0,0,0,1,0,0,0,1,0,1,0,0,0,1,0,0,1,1,0
6,1343,1,4,46,2,2,0,0,1,0,1,0,0,1,0,0,191.85714285714286,28.574468085106382,61.778,0,0,1,0,0,0,0,0,1,1,0,0,0,0,0,0,0,0,0,1,0,0,0,0,0,0,0,0,1,0,0,1,0,1,0,0,1,0,0,0,0,0,1,0,1,0,0,0,1,0,1,0,0,1
24,1382,4,1,26,2,1,0,0,1,0,1,0,0,0,1,0,55.28,51.18518518518518,35.932,1,0,0,0,0,0,0,0,1,0,0,0,0,0,0,0,0,0,1,0,1,0,0,0,0,0,0,1,0,0,0,1,0,1,0,0,1,0,0,0,0,0,1,0,1,0,0,0,1,0,0,1,1,0
15,874,4,1,24,1,1,0,1,0,0,1,0,0,0,1,0,54.625,34.96,20.976,0,0,0,1,0,0,1,0,0,0,0,0,0,0,1,0,0,0,0,0,0,0,0,1,0,1,0,0,0,0,1,0,0,1,0,0,1,0,0,0,0,0,1,0,1,0,0,0,1,0,1,0,1,0
12,3590,2,2,29,1,2,0,0,1,0,0,1,0,1,0,0,276.15384615384613,119.66666666666667,104.11,1,0,0,0,0,0,1,0,0,0,0,0,1,0,0,0,0,0,0,1,0,0,0,0,0,0,1,0,0,0,0,1,0,0,1,0,0,1,0,0,0,0,1,0,1,0,0,1,0,0,1,0,1,0
11,1322,4,4,40,2,1,0,0,1,0,1,0,0,1,0,0,110.16666666666667,32.24390243902439,52.88,0,1,0,0,0,0,0,0,1,1,0,0,0,0,0,0,0,0,0,0,0,0,1,0,0,0,1,0,0,0,1,0,0,1,0,0,0,0,1,0,0,0,1,0,1,0,0,0,1,0,1,0,1,0
18,1940,3,4,36,1,1,0,0,1,0,1,0,0,0,1,0,102.10526315789474,52.432432432432435,69.84,1,0,0,0,0,1,0,0,0,0,0,0,0,1,0,0,0,0,0,1,0,0,0,0,0,1,0,0,0,0,0,1,0,0,1,0,0,0,0,1,1,0,0,0,0,1,0,0,0,1,0,1,1,0
36,3595,4,2,28,1,1,0,0,1,0,0,1,0,0,0,1,97.16216216216216,123.96551724137932,100.66,0,0,0,1,0,0,1,0,0,0,0,0,0,1,0,0,0,0,0,1,0,0,0,0,0,0,0,0,1,0,0,1,0,1,0,0,0,0,1,0,0,0,1,0,1,0,0,0,1,0,1,0,1,0
9,1422,3,2,27,1,1,1,0,1,0,1,0,0,1,0,0,142.2,50.785714285714285,38.394,1,0,0,0,0,0,1,0,0,1,0,0,0,0,0,0,0,0,0,1,0,0,0,0,0,1,0,0,0,0,0,1,0,1,0,0,0,0,0,1,0,0,1,0,0,1,0,0,0,1,0,1,1,0
30,6742,2,3,36,2,1,0,0,1,0,0,0,1,0,0,1,217.48387096774192,182.21621621621622,242.712,0,0,0,1,0,0,0,0,1,0,0,0,0,1,0,0,0,0,0,0,0,0,0,1,0,0,0,1,0,0,0,1,0,1,0,0,0,1,0,0,0,0,1,0,1,0,0,0,1,0,1,0,1,0
24,7814,3,3,38,1,1,0,0,1,0,0,0,1,0,1,0,312.56,200.35897435897436,296.932,0,0,0,1,0,0,1,0,0,0,1,0,0,0,0,0,0,0,0,1,0,0,0,0,0,0,0,1,0,0,0,1,0,1,0,0,0,0,1,0,0,0,1,0,1,0,0,0,0,1,0,1,1,0
24,9277,2,4,48,1,1,0,0,1,0,0,0,1,0,1,0,371.08,189.3265306122449,445.296,0,0,0,1,0,0,1,0,0,0,1,0,0,0,0,0,0,0,0,0,0,0,0,1,0,0,1,0,0,1,0,0,0,1,0,0,0,0,0,1,0,0,1,0,0,1,0,0,1,0,0,1,1,0
30,2181,4,4,36,2,1,0,0,1,0,1,0,0,0,0,1,70.35483870967742,58.945945945945944,78.516,0,1,0,0,0,0,0,0,1,1,0,0,0,0,0,0,0,0,0,0,0,0,0,1,0,0,0,0,1,0,0,1,0,1,0,0,1,0,0,0,0,0,1,0,1,0,0,0,1,0,1,0,1,0
18,1098,4,4,65,2,1,0,0,0,1,1,0,0,0,1,0,57.78947368421053,16.636363636363637,71.37,0,0,0,1,0,0,0,0,1,0,0,0,0,1,0,0,0,0,0,1,0,0,0,0,1,0,0,0,0,0,1,0,0,1,0,0,0,0,1,0,0,0,1,0,1,0,1,0,0,0,1,0,1,0
24,4057,3,3,43,1,1,1,0,1,0,0,1,0,0,1,0,162.28,92.20454545454545,174.451,0,1,0,0,0,0,1,0,0,0,0,0,1,0,0,0,0,0,0,1,0,0,0,0,0,0,0,1,0,1,0,0,0,1,0,0,0,0,1,0,0,0,1,0,1,0,0,0,1,0,0,1,1,0
12,795,4,4,53,1,1,1,0,1,0,1,0,0,1,0,0,61.15384615384615,14.722222222222221,42.135,1,0,0,0,0,0,1,0,0,0,0,0,0,0,0,0,1,0,0,1,0,0,0,0,0,1,0,0,0,0,1,0,0,1,0,0,0,1,0,0,0,0,1,0,1,0,0,0,1,0,1,0,1,0
24,2825,4,3,34,2,2,0,0,1,0,0,1,0,0,1,0,113.0,80.71428571428571,96.05,0,1,0,0,0,0,0,0,1,0,0,0,0,0,0,0,0,0,1,0,0,0,0,1,0,0,0,1,0,0,0,1,0,1,0,0,0,0,0,1,0,0,1,0,1,0,0,0,1,0,0,1,1,0
48,15672,2,2,23,1,1,1,1,0,0,0,0,1,0,0,1,319.83673469387753,653.0,360.456,0,1,0,0,0,0,1,0,0,0,0,0,0,0,0,0,0,0,1,1,0,0,0,0,0,0,1,0,0,0,0,1,0,1,0,0,0,0,1,0,0,0,1,0,1,0,0,0,1,0,0,1,1,0
36,6614,4,4,34,2,1,0,0,1,0,0,0,1,0,0,1,178.75675675675674,188.97142857142856,224.876,0,0,0,1,0,0,0,0,1,1,0,0,0,0,0,0,0,0,0,1,0,0,0,0,0,0,0,0,1,0,0,1,0,1,0,0,0,0,1,0,0,0,1,0,1,0,0,0,0,1,0,1,1,0
28,7824,3,4,40,2,2,0,0,1,0,0,0,1,0,0,1,269.7931034482759,190.82926829268294,312.96,0,0,0,1,0,1,0,0,0,0,1,0,0,0,0,0,0,0,0,0,0,0,0,1,0,1,0,0,0,0,0,1,0,0,0,1,1,0,0,0,1,0,0,1,0,0,0,0,1,0,0,1,1,0
27,2442,4,4,43,4,2,0,0,1,0,1,0,0,0,0,1,87.21428571428571,55.5,105.006,1,0,0,0,0,0,0,0,1,0,0,0,0,0,0,0,0,0,1,1,0,0,0,0,0,0,0,0,1,0,0,1,0,1,0,0,0,0,1,0,0,1,0,0,1,0,0,0,0,1,0,1,1,0
15,1829,4,4,46,2,1,0,0,1,0,1,0,0,0,1,0,114.3125,38.91489361702128,84.134,0,0,0,1,0,0,0,0,1,0,0,0,0,1,0,0,0,0,0,1,0,0,0,0,0,0,0,0,1,0,0,1,0,1,0,0,0,0,1,0,0,0,1,0,1,0,0,0,1,0,0,1,1,0
12,2171,4,4,38,2,1,0,0,1,0,1,0,0,1,0,0,167.0,55.666666666666664,82.498,1,0,0,0,0,0,0,0,1,1,0,0,0,0,0,0,0,0,0,1,0,0,0,0,0,0,1,0,0,0,0,1,0,1,0,0,0,1,0,0,1,0,0,0,1,0,0,1,0,0,1,0,0,1
36,5800,3,4,34,2,1,0,0,1,0,0,0,1,0,0,1,156.75675675675674,165.71428571428572,197.2,0,1,0,0,0,0,0,0,1,0,1,0,0,0,0,0,0,0,0,1,0,0,0,0,0,0,1,0,0,0,0,1,0,1,0,0,0,0,1,0,0,0,1,0,1,0,0,0,1,0,0,1,1,0
18,1169,4,3,29,2,1,0,0,1,0,1,0,0,0,1,0,61.526315789473685,38.96666666666667,33.901,0,0,0,1,0,0,0,0,1,0,0,0,0,1,0,0,0,0,0,0,0,0,0,1,0,0,1,0,0,0,0,1,0,1,0,0,0,1,0,0,0,0,1,0,1,0,0,0,1,0,0,1,1,0
36,8947,3,2,31,1,2,0,0,1,0,0,0,1,0,0,1,241.8108108108108,279.59375,277.357,0,0,0,1,0,0,0,1,0,0,1,0,0,0,0,0,0,0,0,0,0,0,0,1,0,0,0,1,0,0,0,1,0,1,0,0,0,0,1,0,0,1,0,0,1,0,0,0,0,1,0,1,1,0
21,2606,4,4,28,1,1,0,0,1,0,0,1,0,0,1,0,118.45454545454545,89.86206896551724,72.968,1,0,0,0,0,0,1,0,0,0,0,0,0,1,0,0,0,0,0,1,0,0,0,0,0,1,0,0,0,0,1,0,0,1,0,0,0,1,0,0,0,0,1,1,0,0,0,0,0,1,0,1,1,0
12,1592,3,2,35,1,1,0,0,1,0,1,0,0,1,0,0,122.46153846153847,44.22222222222222,55.72,0,0,0,1,0,0,0,0,1,0,0,0,1,0,0,0,0,0,0,0,0,0,1,0,0,0,0,1,0,0,1,0,0,1,0,0,0,1,0,0,0,0,1,0,1,0,0,0,1,0,1,0,0,1
15,2186,1,4,33,1,1,0,0,1,0,1,0,0,0,1,0,136.625,64.29411764705883,72.138,0,0,0,1,0,0,1,0,0,0,0,0,1,0,0,0,0,0,0,0,0,0,0,1,0,0,0,1,0,0,1,0,0,1,0,0,1,0,0,0,1,0,0,1,0,0,0,1,0,0,1,0,1,0
18,4153,2,3,42,1,1,1,0,1,0,0,1,0,0,1,0,218.57894736842104,96.5813953488372,174.426,1,0,0,0,0,0,1,0,0,0,0,0,1,0,0,0,0,0,0,1,0,0,0,0,0,0,1,0,0,0,0,1,0,0,1,0,0,0,1,0,0,0,1,0,1,0,0,0,1,0,1,0,1,0
16,2625,2,4,43,1,1,1,0,1,0,0,1,0,0,1,0,154.41176470588235,59.65909090909091,112.875,1,0,0,0,0,0,0,0,1,1,0,0,0,0,0,0,0,0,0,1,0,0,0,0,0,0,0,0,1,0,0,1,0,0,0,1,0,1,0,0,1,0,0,1,0,0,0,0,1,0,0,1,1,0
20,3485,2,4,44,2,1,0,0,1,0,0,1,0,0,1,0,165.95238095238096,77.44444444444444,153.34,0,0,0,1,0,0,0,0,1,1,0,0,0,0,0,0,0,0,0,0,0,0,0,1,0,1,0,0,0,1,0,0,0,1,0,0,1,0,0,0,0,0,1,0,1,0,0,0,1,0,0,1,1,0
36,10477,2,4,42,2,1,0,0,1,0,0,0,1,0,0,1,283.1621621621622,243.65116279069767,440.034,0,0,0,1,0,0,0,0,1,0,1,0,0,0,0,0,0,0,0,0,0,0,0,1,0,0,0,0,1,0,0,1,0,1,0,0,0,0,0,1,0,0,1,0,0,1,0,0,1,0,1,0,1,0
15,1386,4,2,40,1,1,0,0,1,0,1,0,0,0,1,0,86.625,33.80487804878049,55.44,0,0,0,1,0,0,1,0,0,0,0,0,0,1,0,0,0,0,0,0,0,0,0,1,0,0,1,0,0,0,0,0,1,1,0,0,1,0,0,0,0,0,1,1,0,0,0,0,1,0,0,1,1,0
24,1278,4,1,36,1,1,0,0,1,0,1,0,0,0,1,0,51.12,34.54054054054054,46.008,0,0,0,1,0,0,1,0,0,0,0,0,0,1,0,0,0,0,0,1,0,0,0,0,0,0,0,0,1,0,0,1,0,1,0,0,1,0,0,0,0,0,1,0,1,0,0,0,0,1,0,1,1,0
12,1107,2,2,20,1,2,0,1,0,0,1,0,0,1,0,0,85.15384615384616,52.714285714285715,22.14,1,0,0,0,0,0,1,0,0,0,0,0,0,1,0,0,0,0,0,1,0,0,0,0,0,0,1,0,0,0,0,1,0,1,0,0,1,0,0,0,0,0,1,1,0,0,0,0,0,1,0,1,1,0
21,3763,2,2,24,1,1,0,1,0,0,0,1,0,0,1,0,171.04545454545453,150.52,90.312,1,0,0,0,0,0,1,0,0,1,0,0,0,0,0,0,0,0,0,0,0,0,0,1,0,0,0,1,0,0,0,1,0,0,1,0,1,0,0,0,0,0,1,0,1,0,0,1,0,0,1,0,0,1
36,3711,2,2,27,1,1,0,0,1,0,0,1,0,0,0,1,100.29729729729729,132.53571428571428,100.197,0,1,0,0,0,0,1,0,0,0,0,0,0,0,0,0,1,0,0,0,0,0,0,1,0,0,1,0,0,0,0,0,1,1,0,0,0,0,1,0,0,0,1,0,1,0,0,0,1,0,1,0,1,0
15,3594,1,2,46,2,1,0,0,1,0,0,1,0,0,1,0,224.625,76.46808510638297,165.324,0,0,0,1,0,0,0,1,0,0,1,0,0,0,0,0,0,0,0,1,0,0,0,0,0,1,0,0,0,0,1,0,0,1,0,0,0,1,0,0,0,0,1,0,1,0,0,1,0,0,1,0,1,0
9,3195,1,2,33,1,1,0,0,1,0,0,1,0,1,0,0,319.5,93.97058823529412,105.435,0,1,0,0,0,0,1,0,0,1,0,0,0,0,0,0,0,0,0,0,0,0,0,1,0,0,1,0,0,0,1,0,0,1,0,0,1,0,0,0,0,0,1,0,1,0,0,1,0,0,1,0,1,0
36,4454,4,4,34,2,1,0,0,1,0,0,1,0,0,0,1,120.37837837837837,127.25714285714285,151.436,0,0,0,1,0,0,0,1,0,0,0,0,0,1,0,0,0,0,0,1,0,0,0,0,0,0,1,0,0,0,1,0,0,1,0,0,1,0,0,0,0,0,1,0,1,0,0,0,1,0,1,0,1,0
24,4736,2,4,25,1,1,1,0,1,0,0,1,0,0,1,0,189.44,182.15384615384616,118.4,0,1,0,0,0,0,0,0,1,0,0,0,1,0,0,0,0,0,0,1,0,0,0,0,0,1,0,0,0,0,1,0,0,1,0,0,0,0,1,0,1,0,0,0,1,0,0,1,0,0,1,0,1,0
30,2991,2,4,25,1,1,0,0,1,0,0,1,0,0,0,1,96.48387096774194,115.03846153846153,74.775,0,1,0,0,0,0,1,0,0,0,0,0,0,1,0,0,0,0,0,0,0,0,0,1,0,0,0,0,1,0,1,0,0,1,0,0,0,0,1,0,0,0,1,0,1,0,0,0,1,0,1,0,1,0
11,2142,1,2,28,1,1,0,0,1,0,1,0,0,1,0,0,178.5,73.86206896551724,59.976,0,0,0,1,0,0,1,0,0,0,0,0,0,0,0,0,0,0,1,0,0,0,1,0,0,0,0,0,1,1,0,0,0,1,0,0,1,0,0,0,0,0,1,0,1,0,0,0,1,0,0,1,1,0
24,3161,4,2,31,1,1,1,0,1,0,0,1,0,0,1,0,126.44,98.78125,97.991,1,0,0,0,0,1,0,0,0,0,0,0,0,0,0,0,0,0,1,1,0,0,0,0,0,0,1,0,0,0,0,1,0,1,0,0,0,1,0,0,0,0,1,1,0,0,0,0,1,0,0,1,1,0
48,18424,1,2,32,1,1,1,0,1,0,0,0,1,0,0,1,376.0,558.3030303030303,589.568,0,1,0,0,1,0,0,0,0,0,0,1,0,0,0,0,0,0,0,1,0,0,0,0,0,0,1,0,0,0,1,0,0,1,0,0,0,1,0,0,1,0,0,0,1,0,0,0,0,1,0,1,0,1
10,2848,1,2,32,1,2,0,0,1,0,0,1,0,1,0,0,258.90909090909093,86.3030303030303,91.136,0,0,0,1,0,0,1,0,0,0,1,0,0,0,0,0,0,0,0,0,1,0,0,0,0,0,1,0,0,0,0,1,0,0,1,0,1,0,0,0,0,0,1,0,1,0,0,0,1,0,1,0,1,0
6,14896,1,4,68,1,1,1,0,0,1,0,0,1,1,0,0,2128.0,215.8840579710145,1012.928,1,0,0,0,0,0,1,0,0,1,0,0,0,0,0,0,0,0,0,1,0,0,0,0,0,0,0,0,1,0,0,1,0,1,0,0,0,0,0,1,1,0,0,0,1,0,0,0,0,1,0,1,1,0
24,2359,1,1,33,1,1,1,0,1,0,1,0,0,0,1,0,94.36,69.38235294117646,77.847,1,0,0,0,0,0,1,0,0,0,0,0,1,0,0,0,0,0,0,0,1,0,0,0,1,0,0,0,0,1,0,0,0,1,0,0,0,1,0,0,0,0,1,0,1,0,0,0,1,0,1,0,1,0
24,3345,4,2,39,1,1,1,0,1,0,0,1,0,0,1,0,133.8,83.625,130.455,1,0,0,0,0,0,1,0,0,0,0,0,1,0,0,0,0,0,0,1,0,0,0,0,0,0,0,0,1,0,0,1,0,1,0,0,0,1,0,0,0,0,1,1,0,0,0,0,0,1,0,1,1,0
18,1817,4,2,28,2,1,0,0,1,0,1,0,0,0,1,0,95.63157894736842,62.6551724137931,50.876,0,0,0,1,0,0,0,0,1,0,0,0,1,0,0,0,0,0,0,1,0,0,0,0,0,0,1,0,0,0,1,0,0,1,0,0,0,0,0,1,0,0,1,0,1,0,0,0,1,0,1,0,1,0
48,12749,4,1,37,1,1,0,0,1,0,0,0,1,0,0,1,260.18367346938777,335.5,471.713,0,0,0,1,0,0,0,1,0,0,0,0,0,1,0,0,0,0,0,0,0,1,0,0,0,0,0,1,0,0,0,1,0,1,0,0,0,0,1,0,0,0,1,0,1,0,0,0,0,1,0,1,1,0
9,1366,3,4,22,1,1,1,1,0,0,1,0,0,1,0,0,136.6,59.391304347826086,30.052,1,0,0,0,0,0,1,0,0,0,0,0,0,1,0,0,0,0,0,1,0,0,0,0,0,1,0,0,0,0,1,0,0,1,0,0,0,1,0,0,0,0,1,1,0,0,0,0,1,0,1,0,1,0
12,2002,3,4,30,1,2,0,0,1,0,1,0,0,1,0,0,154.0,64.58064516129032,60.06,0,1,0,0,0,0,1,0,0,1,0,0,0,0,0,0,0,0,0,1,0,0,0,0,0,0,0,1,0,0,0,1,0,1,0,0,0,1,0,0,0,0,1,1,0,0,0,0,1,0,0,1,1,0
24,6872,2,1,55,1,1,1,0,1,0,0,0,1,0,1,0,274.88,122.71428571428571,377.96,1,0,0,0,0,1,0,0,0,0,0,0,1,0,0,0,0,0,0,1,0,0,0,0,0,1,0,0,0,1,0,0,0,1,0,0,0,1,0,0,1,0,0,0,1,0,0,0,1,0,0,1,1,0
12,697,4,2,46,2,1,1,0,1,0,1,0,0,1,0,0,53.61538461538461,14.829787234042554,32.062,1,0,0,0,0,1,0,0,0,1,0,0,0,0,0,0,0,0,0,1,0,0,0,0,0,1,0,0,0,0,0,1,0,1,0,0,0,0,1,0,1,0,0,0,1,0,0,0,1,0,0,1,1,0
18,1049,4,4,21,1,1,0,1,0,0,1,0,0,0,1,0,55.21052631578947,47.68181818181818,22.029,1,0,0,0,0,0,0,0,1,0,0,0,1,0,0,0,0,0,0,1,0,0,0,0,0,1,0,0,0,0,1,0,0,1,0,0,0,1,0,0,0,0,1,1,0,0,0,0,1,0,1,0,1,0
48,10297,4,4,39,3,2,1,0,1,0,0,0,1,0,0,1,210.14285714285714,257.425,401.583,1,0,0,0,0,0,1,0,0,0,1,0,0,0,0,0,0,0,0,1,0,0,0,0,0,0,0,1,0,0,0,1,0,1,0,0,0,0,0,1,0,1,0,0,0,1,0,0,1,0,0,1,1,0
30,1867,4,4,58,1,1,0,0,1,0,1,0,0,0,0,1,60.225806451612904,31.64406779661017,108.286,0,0,0,1,0,0,1,0,0,0,0,0,0,1,0,0,0,0,0,0,0,0,0,1,0,0,0,0,1,0,0,1,0,1,0,0,0,0,1,0,0,0,1,0,1,0,0,0,1,0,0,1,1,0
12,1344,4,2,43,2,2,0,0,1,0,1,0,0,1,0,0,103.38461538461539,30.545454545454547,57.792,1,0,0,0,0,0,0,1,0,1,0,0,0,0,0,0,0,0,0,1,0,0,0,0,0,0,1,0,0,0,0,1,0,1,0,0,1,0,0,0,0,0,1,0,1,0,0,1,0,0,1,0,1,0
24,1747,4,1,24,1,1,0,1,0,0,1,0,0,0,1,0,69.88,69.88,41.928,1,0,0,0,0,0,1,0,0,0,0,0,1,0,0,0,0,0,0,1,0,0,0,0,0,1,0,0,0,0,0,1,0,0,1,0,0,1,0,0,0,0,1,0,1,0,0,1,0,0,1,0,0,1
9,1670,4,2,22,1,1,1,1,0,0,1,0,0,1,0,0,167.0,72.6086956521739,36.74,0,1,0,0,0,0,1,0,0,0,0,0,0,1,0,0,0,0,0,1,0,0,0,0,0,1,0,0,0,0,1,0,0,1,0,0,0,0,1,0,0,0,1,0,1,0,0,0,1,0,0,1,1,0
9,1224,3,1,30,2,1,0,0,1,0,1,0,0,1,0,0,122.4,39.483870967741936,36.72,0,0,0,1,0,0,0,0,1,1,0,0,0,0,0,0,0,0,0,1,0,0,0,0,0,0,1,0,0,0,0,1,0,1,0,0,1,0,0,0,0,0,1,0,1,0,0,0,1,0,1,0,1,0
12,522,4,4,42,2,2,0,0,1,0,1,0,0,1,0,0,40.15384615384615,12.13953488372093,21.924,0,0,0,1,0,0,0,0,1,0,0,0,0,1,0,0,0,0,0,0,0,1,0,0,0,0,0,0,1,0,0,1,0,1,0,0,0,1,0,0,0,0,1,0,1,0,0,0,1,0,0,1,1,0
12,1498,4,1,23,1,1,0,1,0,0,1,0,0,1,0,0,115.23076923076923,62.416666666666664,34.454,1,0,0,0,0,0,1,0,0,0,0,0,0,1,0,0,0,0,0,1,0,0,0,0,0,0,1,0,0,0,1,0,0,1,0,0,0,0,1,0,1,0,0,0,1,0,0,0,1,0,1,0,1,0
30,1919,4,3,30,2,1,1,0,1,0,1,0,0,0,0,1,61.903225806451616,61.903225806451616,57.57,0,1,0,0,0,0,0,1,0,0,0,0,0,1,0,0,0,0,0,0,1,0,0,0,0,1,0,0,0,0,0,1,0,1,0,0,0,0,0,1,0,1,0,0,1,0,0,0,0,1,1,0,1,0
9,745,3,2,28,1,1,1,0,1,0,1,0,0,1,0,0,74.5,25.689655172413794,20.86,0,0,1,0,0,0,1,0,0,0,0,0,0,1,0,0,0,0,0,1,0,0,0,0,0,0,1,0,0,0,1,0,0,1,0,0,1,0,0,0,0,0,1,0,1,0,0,1,0,0,1,0,1,0
6,2063,4,3,30,1,1,0,0,1,0,1,0,0,1,0,0,294.7142857142857,66.54838709677419,61.89,0,1,0,0,0,0,1,0,0,0,0,0,0,1,0,0,0,0,0,1,0,0,0,0,0,1,0,0,0,0,0,0,1,1,0,0,0,0,1,0,0,0,1,1,0,0,0,0,0,1,0,1,1,0
60,6288,4,4,42,1,1,1,0,1,0,0,0,1,0,0,1,103.08196721311475,146.2325581395349,264.096,0,1,0,0,0,0,1,0,0,0,0,0,0,0,0,0,1,0,0,1,0,0,0,0,0,0,1,0,0,0,0,1,0,1,0,0,0,0,0,1,0,0,1,0,0,1,0,0,1,0,1,0,1,0
24,6842,2,4,46,2,2,0,0,1,0,0,0,1,0,1,0,273.68,145.5744680851064,314.732,0,0,0,1,0,0,0,0,1,0,1,0,0,0,0,0,0,0,0,0,0,0,0,1,0,0,1,0,0,0,0,1,0,1,0,0,0,1,0,0,0,0,1,0,1,0,0,0,0,1,0,1,1,0
12,3527,2,3,45,1,2,0,0,1,0,0,1,0,1,0,0,271.3076923076923,76.67391304347827,158.715,0,0,0,1,0,0,1,0,0,1,0,0,0,0,0,0,0,0,0,0,0,0,0,1,0,1,0,0,0,0,0,1,0,1,0,0,0,1,0,0,0,0,1,0,1,0,0,0,0,1,0,1,1,0
10,1546,3,2,31,1,2,0,0,1,0,1,0,0,1,0,0,140.54545454545453,48.3125,47.926,0,0,0,1,0,0,1,0,0,1,0,0,0,0,0,0,0,0,0,1,0,0,0,0,0,0,1,0,0,0,0,1,0,1,0,0,1,0,0,0,0,0,1,0,1,0,0,1,0,0,1,0,0,1
24,929,4,2,31,1,1,0,0,1,0,1,0,0,0,1,0,37.16,29.03125,28.799,0,0,0,1,0,0,1,0,0,0,0,0,1,0,0,0,0,0,0,0,0,0,0,1,0,0,0,1,0,0,0,1,0,1,0,0,0,0,1,0,0,1,0,0,1,0,0,0,1,0,0,1,1,0
4,1455,2,1,42,3,2,0,0,1,0,1,0,0,1,0,0,291.0,33.83720930232558,61.11,0,0,0,1,0,0,0,0,1,1,0,0,0,0,0,0,0,0,0,1,0,0,0,0,0,0,0,1,0,0,0,1,0,1,0,0,1,0,0,0,0,0,1,0,1,0,0,1,0,0,1,0,1,0
15,1845,4,1,46,1,1,0,0,1,0,1,0,0,0,1,0,115.3125,39.255319148936174,84.87,1,0,0,0,0,0,1,0,0,0,0,0,1,0,0,0,0,0,0,1,0,0,0,0,0,1,0,0,0,0,1,0,0,0,0,1,0,1,0,0,0,0,1,1,0,0,0,0,1,0,1,0,1,0
48,8358,1,1,30,2,1,0,0,1,0,0,0,1,0,0,1,170.57142857142858,269.61290322580646,250.74,0,1,0,0,1,0,0,0,0,1,0,0,0,0,0,0,0,0,0,0,0,1,0,0,0,1,0,0,0,0,1,0,0,1,0,0,0,0,1,0,0,0,1,0,1,0,0,0,1,0,1,0,1,0
24,3349,4,4,30,1,2,1,0,1,0,0,1,0,0,1,0,133.96,108.03225806451613,100.47,1,0,0,0,0,1,0,0,0,0,0,0,1,0,0,0,0,0,0,0,0,1,0,0,0,1,0,0,0,0,0,1,0,1,0,0,0,0,0,1,0,0,1,0,0,1,0,0,1,0,0,1,1,0
12,2859,4,4,38,1,1,0,0,1,0,0,1,0,1,0,0,219.92307692307693,73.3076923076923,108.642,0,0,0,1,0,0,1,0,0,1,0,0,0,0,0,0,0,0,0,0,0,0,0,1,1,0,0,0,0,0,0,1,0,1,0,0,0,0,0,1,0,0,1,0,1,0,0,0,0,1,0,1,1,0
18,1533,4,1,43,1,2,1,0,1,0,1,0,0,0,1,0,80.6842105263158,34.84090909090909,65.919,0,0,0,1,0,0,1,0,0,0,0,0,1,0,0,0,0,0,0,1,0,0,0,0,0,1,0,0,0,0,0,0,1,0,1,0,0,1,0,0,0,0,1,0,1,0,0,1,0,0,1,0,1,0
24,3621,2,4,31,2,1,1,0,1,0,0,1,0,0,1,0,144.84,113.15625,112.251,0,0,0,1,0,0,1,0,0,0,0,0,0,1,0,0,0,0,0,0,1,0,0,0,0,0,0,0,1,0,0,1,0,1,0,0,0,0,1,0,0,0,1,0,1,0,0,0,1,0,1,0,1,0
18,3590,3,3,40,3,2,0,0,1,0,0,1,0,0,1,0,188.94736842105263,87.5609756097561,143.6,0,1,0,0,0,0,0,0,1,0,0,0,0,0,0,0,0,0,1,1,0,0,0,0,1,0,0,0,0,0,0,0,1,1,0,0,0,0,1,0,0,0,1,0,1,0,1,0,0,0,0,1,1,0
36,2145,2,1,24,2,1,1,1,0,0,1,0,0,0,0,1,57.972972972972975,85.8,51.48,1,0,0,0,0,0,0,1,0,0,0,0,0,0,0,0,0,0,1,1,0,0,0,0,0,0,0,1,0,0,0,1,0,1,0,0,0,0,1,0,0,0,1,0,1,0,0,0,1,0,0,1,1,0
24,4113,3,4,28,1,1,1,0,1,0,0,1,0,0,1,0,164.52,141.82758620689654,115.164,0,1,0,0,0,0,1,0,0,0,1,0,0,0,0,0,0,0,0,0,0,1,0,0,0,1,0,0,0,0,1,0,0,1,0,0,0,0,1,0,0,0,1,1,0,0,0,0,1,0,1,0,1,0
36,10974,4,2,26,2,1,1,0,1,0,0,0,1,0,0,1,296.5945945945946,406.44444444444446,285.324,0,0,0,1,0,0,1,0,0,0,0,0,1,0,0,0,0,0,0,1,0,0,0,0,1,0,0,0,0,0,1,0,0,1,0,0,0,0,1,0,0,0,1,0,1,0,0,0,0,1,0,1,1,0
12,1893,4,4,29,1,1,0,0,1,0,1,0,0,1,0,0,145.6153846153846,63.1,54.897,1,0,0,0,0,0,1,0,0,1,0,0,0,0,0,0,0,0,0,1,0,0,0,0,0,0,1,0,0,0,1,0,0,0,0,1,0,1,0,0,0,0,1,0,1,0,0,0,1,0,0,1,1,0
24,1231,4,4,57,2,1,0,0,1,0,1,0,0,0,1,0,49.24,21.224137931034484,70.167,1,0,0,0,0,0,0,0,1,0,0,0,0,1,0,0,0,0,0,0,0,0,1,0,0,0,0,0,1,0,1,0,0,1,0,0,0,1,0,0,0,0,1,1,0,0,0,0,0,1,0,1,1,0
30,3656,4,4,49,2,1,0,0,1,0,0,1,0,0,0,1,117.93548387096774,73.12,179.144,0,0,1,0,0,0,0,0,1,0,0,0,0,1,0,0,0,0,0,0,0,0,0,1,0,0,0,0,1,0,0,1,0,1,0,0,0,1,0,0,0,1,0,0,1,0,0,1,0,0,1,0,1,0
9,1154,2,4,37,3,1,0,0,1,0,1,0,0,1,0,0,115.4,30.36842105263158,42.698,0,1,0,0,0,0,0,0,1,0,0,0,0,1,0,0,0,0,0,1,0,0,0,0,0,0,0,0,1,0,0,1,0,1,0,0,1,0,0,0,0,0,1,0,1,0,0,1,0,0,1,0,1,0
28,4006,3,2,45,1,1,1,0,1,0,0,1,0,0,0,1,138.13793103448276,87.08695652173913,180.27,1,0,0,0,0,0,1,0,0,1,0,0,0,0,0,0,0,0,0,1,0,0,0,0,0,0,1,0,0,0,0,1,0,1,0,0,0,0,1,0,0,0,1,0,1,0,0,1,0,0,1,0,1,0
24,3069,4,4,30,1,1,0,0,1,0,0,1,0,0,1,0,122.76,99.0,92.07,0,1,0,0,0,0,1,0,0,0,0,0,1,0,0,0,0,0,0,0,1,0,0,0,0,0,0,0,1,0,0,1,0,1,0,0,0,0,0,1,0,0,1,0,0,1,0,0,1,0,1,0,1,0
6,1740,2,2,30,2,1,0,0,1,0,1,0,0,1,0,0,248.57142857142858,56.12903225806452,52.2,0,0,0,1,0,0,0,0,1,0,0,0,0,1,0,0,0,0,0,1,0,0,0,0,0,0,0,0,1,0,0,0,1,1,0,0,1,0,0,0,0,0,1,1,0,0,0,0,1,0,1,0,1,0
21,2353,1,4,47,2,1,0,0,1,0,1,0,0,0,1,0,106.95454545454545,49.020833333333336,110.591,0,1,0,0,0,0,0,1,0,1,0,0,0,0,0,0,0,0,0,1,0,0,0,0,0,0,1,0,0,1,0,0,0,1,0,0,0,1,0,0,0,0,1,0,1,0,0,0,1,0,1,0,1,0
15,3556,3,2,29,1,1,0,0,1,0,0,1,0,0,1,0,222.25,118.53333333333333,103.124,0,0,0,1,0,0,1,0,0,1,0,0,0,0,0,0,0,0,0,0,0,0,0,1,0,0,1,0,0,0,0,1,0,1,0,0,0,0,0,1,0,0,1,0,1,0,0,0,1,0,1,0,1,0
24,2397,3,2,35,2,1,1,0,1,0,1,0,0,0,1,0,95.88,66.58333333333333,83.895,0,0,0,1,0,0,1,0,0,0,0,0,0,1,0,0,0,0,0,0,0,1,0,0,0,0,0,0,1,0,0,1,0,1,0,0,0,0,1,0,1,0,0,0,1,0,0,0,1,0,0,1,1,0
6,454,3,1,22,1,1,0,1,0,0,1,0,0,1,0,0,64.85714285714286,19.73913043478261,9.988,0,1,0,0,0,0,1,0,0,0,0,0,0,0,0,1,0,0,0,1,0,0,0,0,0,1,0,0,0,0,0,0,1,1,0,0,0,1,0,0,0,0,1,0,1,0,0,1,0,0,1,0,1,0
30,1715,4,1,26,1,1,0,0,1,0,1,0,0,0,0,1,55.32258064516129,63.51851851851852,44.59,0,1,0,0,0,0,1,0,0,0,0,0,0,1,0,0,0,0,0,0,0,0,0,1,0,0,1,0,0,0,1,0,0,1,0,0,0,0,1,0,0,0,1,0,1,0,0,0,1,0,1,0,1,0
27,2520,4,2,23,2,1,1,1,0,0,0,1,0,0,0,1,90.0,105.0,57.96,0,1,0,0,0,0,0,0,1,0,0,0,0,1,0,0,0,0,0,0,0,1,0,0,0,0,1,0,0,0,0,1,0,1,0,0,0,1,0,0,0,0,1,0,1,0,0,1,0,0,1,0,1,0
15,3568,4,2,54,1,1,0,0,1,0,0,1,0,0,1,0,223.0,64.87272727272727,192.672,0,0,0,1,0,0,1,0,0,0,0,0,0,1,0,0,0,0,0,1,0,0,0,0,0,0,0,0,1,0,1,0,0,1,0,0,0,0,1,0,1,0,0,1,0,0,0,0,0,1,0,1,1,0
42,7166,2,4,29,1,1,0,0,1,0,0,0,1,0,0,1,166.65116279069767,238.86666666666667,207.814,0,0,0,1,0,0,1,0,0,0,0,0,0,1,0,0,0,0,0,0,0,0,0,1,0,0,0,1,0,0,0,0,1,1,0,0,0,1,0,0,0,0,1,1,0,0,0,0,1,0,0,1,1,0
11,3939,1,2,40,2,2,0,0,1,0,0,1,0,1,0,0,328.25,96.07317073170732,157.56,1,0,0,0,0,0,0,0,1,1,0,0,0,0,0,0,0,0,0,1,0,0,0,0,0,0,1,0,0,0,0,1,0,1,0,0,1,0,0,0,0,0,1,0,1,0,0,1,0,0,1,0,1,0
15,1514,4,2,22,1,1,0,1,0,0,1,0,0,0,1,0,94.625,65.82608695652173,33.308,0,1,0,0,0,0,1,0,0,0,0,0,0,0,0,1,0,0,0,0,1,0,0,0,0,0,1,0,0,0,0,1,0,0,0,1,1,0,0,0,0,0,1,0,1,0,0,0,1,0,1,0,1,0
24,7393,1,4,43,1,2,0,0,1,0,0,0,1,0,1,0,295.72,168.02272727272728,317.899,0,0,0,1,0,0,1,0,0,1,0,0,0,0,0,0,0,0,0,1,0,0,0,0,0,0,1,0,0,0,0,1,0,1,0,0,0,1,0,0,0,0,1,0,1,0,0,1,0,0,1,0,1,0
24,1193,1,4,29,2,1,1,0,1,0,1,0,0,0,1,0,47.72,39.766666666666666,34.597,1,0,0,0,0,1,0,0,0,1,0,0,0,0,0,0,0,0,0,1,0,0,0,0,1,0,0,0,0,0,1,0,0,0,1,0,0,0,0,1,0,0,1,1,0,0,1,0,0,0,1,0,1,0
60,7297,4,4,36,1,1,1,0,1,0,0,0,1,0,0,1,119.62295081967213,197.21621621621622,262.692,1,0,0,0,0,0,1,0,0,0,0,0,0,0,0,0,0,0,1,1,0,0,0,0,0,0,0,0,1,0,0,1,0,0,1,0,0,0,0,1,0,0,1,1,0,0,0,0,1,0,1,0,1,0
30,2831,4,2,33,1,1,0,0,1,0,0,1,0,0,0,1,91.3225806451613,83.26470588235294,93.423,0,0,0,1,0,0,0,0,1,0,0,0,0,1,0,0,0,0,0,1,0,0,0,0,0,0,1,0,0,0,1,0,0,1,0,0,0,0,1,0,0,0,1,0,1,0,0,0,1,0,0,1,1,0
24,1258,3,3,57,1,1,0,0,1,0,1,0,0,0,1,0,50.32,21.689655172413794,71.706,0,0,1,0,0,0,1,0,0,0,0,0,0,1,0,0,0,0,0,0,0,1,0,0,0,0,1,0,0,0,1,0,0,1,0,0,0,0,1,0,0,0,1,0,1,0,0,1,0,0,1,0,1,0
6,753,2,3,64,1,1,0,0,0,1,1,0,0,1,0,0,107.57142857142857,11.584615384615384,48.192,0,1,0,0,0,0,1,0,0,0,0,0,0,1,0,0,0,0,0,1,0,0,0,0,0,0,1,0,0,0,1,0,0,0,0,1,1,0,0,0,0,0,1,0,1,0,0,0,1,0,1,0,1,0
18,2427,4,2,42,2,1,0,0,1,0,1,0,0,0,1,0,127.73684210526316,56.44186046511628,101.934,0,1,0,0,0,0,0,1,0,0,0,0,0,0,0,0,0,0,1,0,0,0,0,1,0,0,0,0,1,0,0,1,0,1,0,0,0,1,0,0,0,0,1,0,1,0,0,0,1,0,1,0,1,0
24,2538,4,4,47,2,2,1,0,1,0,0,1,0,0,1,0,101.52,52.875,119.286,0,0,0,1,0,0,0,1,0,1,0,0,0,0,0,0,0,0,0,1,0,0,0,0,0,0,0,0,1,0,0,1,0,1,0,0,0,0,1,0,0,0,1,0,1,0,0,1,0,0,1,0,1,0
15,1264,2,2,25,1,1,1,0,1,0,1,0,0,0,1,0,79.0,48.61538461538461,31.6,0,1,0,0,0,1,0,0,0,1,0,0,0,0,0,0,0,0,0,0,1,0,0,0,0,0,1,0,0,0,0,0,1,1,0,0,0,1,0,0,0,0,1,1,0,0,0,0,1,0,1,0,1,0
30,8386,2,2,49,1,1,1,0,1,0,0,0,1,0,0,1,270.51612903225805,167.72,410.914,0,1,0,0,0,0,0,0,1,0,0,0,1,0,0,0,0,0,0,1,0,0,0,0,0,0,0,1,0,0,0,1,0,1,0,0,0,1,0,0,0,0,1,0,1,0,0,0,1,0,1,0,1,0
48,4844,3,2,33,1,1,1,0,1,0,0,1,0,0,0,1,98.85714285714286,142.47058823529412,159.852,0,0,0,1,0,0,1,0,0,0,0,0,0,0,0,0,0,0,1,1,0,0,0,0,1,0,0,0,0,0,0,1,0,1,0,0,0,0,1,0,1,0,0,1,0,0,0,0,0,1,0,1,1,0
21,2923,1,1,28,1,1,0,0,1,0,0,1,0,0,1,0,132.86363636363637,100.79310344827586,81.844,0,0,1,0,0,0,1,0,0,1,0,0,0,0,0,0,0,0,0,0,1,0,0,0,0,0,1,0,0,0,1,0,0,1,0,0,0,0,1,0,1,0,0,0,1,0,0,0,0,1,0,1,1,0
36,8229,2,2,26,1,2,1,0,1,0,0,0,1,0,0,1,222.40540540540542,304.77777777777777,213.954,1,0,0,0,0,0,1,0,0,0,1,0,0,0,0,0,0,0,0,1,0,0,0,0,0,0,1,0,0,0,0,1,0,1,0,0,0,1,0,0,0,0,1,0,1,0,0,0,1,0,1,0,1,0
24,2028,2,2,30,2,1,0,0,1,0,1,0,0,0,1,0,81.12,65.41935483870968,60.84,0,0,0,1,0,0,0,0,1,0,0,0,1,0,0,0,0,0,0,1,0,0,0,0,0,0,0,1,0,0,0,1,0,1,0,0,0,1,0,0,0,0,1,0,1,0,0,1,0,0,1,0,1,0
15,1433,4,3,25,2,1,0,0,1,0,1,0,0,0,1,0,89.5625,55.11538461538461,35.825,1,0,0,0,0,0,0,0,1,0,0,0,1,0,0,0,0,0,0,1,0,0,0,0,0,0,1,0,0,0,1,0,0,1,0,0,0,1,0,0,0,0,1,1,0,0,0,0,1,0,1,0,1,0
42,6289,2,1,33,2,1,0,0,1,0,0,0,1,0,0,1,146.25581395348837,184.97058823529412,207.537,0,0,1,0,1,0,0,0,0,0,0,0,0,0,0,0,0,0,1,1,0,0,0,0,0,1,0,0,0,1,0,0,0,1,0,0,0,1,0,0,0,0,1,0,1,0,0,0,1,0,1,0,1,0
13,1409,2,4,64,1,1,0,0,0,1,1,0,0,0,1,0,100.64285714285714,21.676923076923078,90.176,0,0,0,1,0,0,1,0,0,0,0,0,0,1,0,0,0,0,0,0,1,0,0,0,1,0,0,0,0,0,1,0,0,1,0,0,1,0,0,0,0,0,1,0,1,0,0,0,1,0,1,0,1,0
24,6579,4,2,29,1,1,0,0,1,0,0,0,1,0,1,0,263.16,219.3,190.791,1,0,0,0,0,0,1,0,0,0,1,0,0,0,0,0,0,0,0,1,0,0,0,0,1,0,0,0,0,0,0,1,0,1,0,0,0,0,0,1,0,0,1,0,0,1,0,0,0,1,0,1,1,0
24,1743,4,2,48,2,1,0,0,1,0,1,0,0,0,1,0,69.72,35.57142857142857,83.664,0,1,0,0,0,0,0,0,1,0,0,0,0,1,0,0,0,0,0,1,0,0,0,0,0,0,0,0,1,0,0,1,0,1,0,0,0,1,0,0,0,0,1,0,1,0,0,1,0,0,1,0,1,0
12,3565,2,1,37,2,2,0,0,1,0,0,1,0,1,0,0,274.2307692307692,93.8157894736842,131.905,0,0,0,1,0,0,0,0,1,0,0,0,0,0,0,0,1,0,0,0,0,0,0,1,0,1,0,0,0,0,0,1,0,1,0,0,0,1,0,0,0,0,1,0,1,0,0,1,0,0,1,0,1,0
15,1569,4,4,34,1,2,0,0,1,0,1,0,0,0,1,0,98.0625,44.82857142857143,53.346,0,0,0,1,0,1,0,0,0,0,0,0,0,1,0,0,0,0,0,0,1,0,0,0,0,0,0,0,1,0,0,1,0,1,0,0,0,0,1,0,1,0,0,0,1,0,0,1,0,0,1,0,1,0
18,1936,2,4,23,2,1,0,1,0,0,1,0,0,0,1,0,101.89473684210526,80.66666666666667,44.528,1,0,0,0,0,0,1,0,0,0,0,0,0,1,0,0,0,0,0,0,0,0,0,1,0,0,0,1,0,0,0,0,1,1,0,0,0,0,1,0,0,0,1,1,0,0,0,1,0,0,1,0,1,0
36,3959,4,3,30,1,1,0,0,1,0,0,1,0,0,0,1,107.0,127.70967741935483,118.77,1,0,0,0,0,0,1,0,0,0,0,0,1,0,0,0,0,0,0,1,0,0,0,0,1,0,0,0,0,0,0,1,0,1,0,0,0,1,0,0,0,0,1,0,1,0,0,0,0,1,0,1,1,0
12,2390,4,3,50,1,1,0,0,1,0,1,0,0,1,0,0,183.84615384615384,46.86274509803921,119.5,0,0,0,1,0,0,1,0,0,1,0,0,0,0,0,0,0,0,0,0,0,0,0,1,0,0,0,0,1,0,0,1,0,1,0,0,0,0,1,0,0,0,1,0,1,0,0,0,1,0,0,1,1,0
12,1736,3,4,31,1,1,0,0,1,0,1,0,0,1,0,0,133.53846153846155,54.25,53.816,0,0,0,1,0,0,1,0,0,0,0,0,1,0,0,0,0,0,0,1,0,0,0,0,0,0,0,1,0,0,1,0,0,1,0,0,1,0,0,0,0,0,1,0,1,0,0,1,0,0,1,0,1,0
30,3857,4,4,40,1,1,0,0,1,0,0,1,0,0,0,1,124.41935483870968,94.07317073170732,154.28,1,0,0,0,0,0,1,0,0,0,1,0,0,0,0,0,0,0,0,1,0,0,0,0,0,0,1,0,0,1,0,0,0,1,0,0,0,1,0,0,0,0,1,0,1,0,0,0,0,1,0,1,1,0
12,804,4,4,38,1,1,0,0,1,0,1,0,0,1,0,0,61.84615384615385,20.615384615384617,30.552,0,0,0,1,0,0,1,0,0,0,0,0,0,1,0,0,0,0,0,1,0,0,0,0,0,0,0,0,1,0,0,1,0,1,0,0,0,0,1,0,0,0,1,0,1,0,0,0,1,0,1,0,1,0
45,1845,4,4,23,1,1,1,1,0,0,1,0,0,0,0,1,40.108695652173914,76.875,42.435,1,0,0,0,0,0,1,0,0,0,0,0,0,1,0,0,0,0,0,1,0,0,0,0,0,0,1,0,0,0,0,1,0,1,0,0,0,0,0,1,0,0,1,0,0,1,0,0,1,0,0,1,1,0
45,4576,3,4,27,1,1,0,0,1,0,0,1,0,0,0,1,99.47826086956522,163.42857142857142,123.552,0,1,0,0,0,0,0,0,1,0,1,0,0,0,0,0,0,0,0,0,1,0,0,0,1,0,0,0,0,0,0,1,0,1,0,0,0,0,1,0,0,0,1,0,1,0,0,0,1,0,1,0,1,0
